Ticker,Statement,Field,Period End,Value,Filing Date,Source
JETAIRWAYS.NS,balance,total_assets,2017-03-31,146035100000.0,2017-09-13,"Annual report (https://nsearchives.nseindia.com/annual_reports/AR_11392_JETAIRWAYS_2016_2017_13092017175004.zip), consolidated balance sheet, PDF page 130"
JETAIRWAYS.NS,balance,total_liabilities,2017-03-31,195033900000.0,2017-09-13,"Annual report (https://nsearchives.nseindia.com/annual_reports/AR_11392_JETAIRWAYS_2016_2017_13092017175004.zip), consolidated balance sheet, PDF page 130"
JETAIRWAYS.NS,balance,total_equity,2017-03-31,-48998800000.0,2017-09-13,"Annual report (https://nsearchives.nseindia.com/annual_reports/AR_11392_JETAIRWAYS_2016_2017_13092017175004.zip), consolidated balance sheet, PDF page 130; equity attributable to owners"
JETAIRWAYS.NS,balance,current_assets,2017-03-31,55329300000.0,2017-09-13,"Annual report (https://nsearchives.nseindia.com/annual_reports/AR_11392_JETAIRWAYS_2016_2017_13092017175004.zip), consolidated balance sheet, PDF page 130"
JETAIRWAYS.NS,balance,current_liabilities,2017-03-31,119529900000.0,2017-09-13,"Annual report (https://nsearchives.nseindia.com/annual_reports/AR_11392_JETAIRWAYS_2016_2017_13092017175004.zip), consolidated balance sheet, PDF page 130"
JETAIRWAYS.NS,balance,inventory,2017-03-31,5061200000.0,2017-09-13,"Annual report (https://nsearchives.nseindia.com/annual_reports/AR_11392_JETAIRWAYS_2016_2017_13092017175004.zip), consolidated balance sheet, PDF page 130"
JETAIRWAYS.NS,balance,cash,2017-03-31,15421800000.0,2017-09-13,"Annual report (https://nsearchives.nseindia.com/annual_reports/AR_11392_JETAIRWAYS_2016_2017_13092017175004.zip), consolidated balance sheet, PDF page 130; cash and cash equivalents"
JETAIRWAYS.NS,balance,long_term_debt,2017-03-31,69707600000.0,2017-09-13,"Annual report (https://nsearchives.nseindia.com/annual_reports/AR_11392_JETAIRWAYS_2016_2017_13092017175004.zip), consolidated balance sheet, PDF page 130; notes PDF pages 139-140, 144; non-current borrowings"
JETAIRWAYS.NS,balance,short_term_debt,2017-03-31,21261000000.0,2017-09-13,"Annual report (https://nsearchives.nseindia.com/annual_reports/AR_11392_JETAIRWAYS_2016_2017_13092017175004.zip), consolidated balance sheet, PDF page 130; notes PDF pages 139-140, 144; current borrowings + current maturities of long-term debt (in other financial liabilities)"
JETAIRWAYS.NS,balance,retained_earnings,2017-03-31,-85891100000.0,2017-09-13,"Annual report (https://nsearchives.nseindia.com/annual_reports/AR_11392_JETAIRWAYS_2016_2017_13092017175004.zip), consolidated balance sheet, PDF page 130; notes PDF pages 139-140, 144; retained earnings / surplus in P&L (other equity note)"
JETAIRWAYS.NS,income,revenue,2017-03-31,226925800000.0,2017-09-13,"Annual report (https://nsearchives.nseindia.com/annual_reports/AR_11392_JETAIRWAYS_2016_2017_13092017175004.zip), consolidated P&L, PDF page 131"
JETAIRWAYS.NS,income,interest_expense,2017-03-31,8526300000.0,2017-09-13,"Annual report (https://nsearchives.nseindia.com/annual_reports/AR_11392_JETAIRWAYS_2016_2017_13092017175004.zip), consolidated P&L, PDF page 131"
JETAIRWAYS.NS,income,pretax_income,2017-03-31,3902000000.0,2017-09-13,"Annual report (https://nsearchives.nseindia.com/annual_reports/AR_11392_JETAIRWAYS_2016_2017_13092017175004.zip), consolidated P&L, PDF page 131"
JETAIRWAYS.NS,income,net_income,2017-03-31,4384500000.0,2017-09-13,"Annual report (https://nsearchives.nseindia.com/annual_reports/AR_11392_JETAIRWAYS_2016_2017_13092017175004.zip), consolidated P&L, PDF page 131"
JETAIRWAYS.NS,income,ebit,2017-03-31,12428300000.0,2017-09-13,"Annual report (https://nsearchives.nseindia.com/annual_reports/AR_11392_JETAIRWAYS_2016_2017_13092017175004.zip), consolidated P&L, PDF page 131; derived: profit before exceptional items and tax + finance costs"
JETAIRWAYS.NS,balance,shares_issued,2017-03-31,113597383.0,2017-09-13,"Annual report (https://nsearchives.nseindia.com/annual_reports/AR_11392_JETAIRWAYS_2016_2017_13092017175004.zip), consolidated balance sheet, PDF page 130; notes PDF pages 139-140, 144; equity shares in issue (share capital note)"
JETAIRWAYS.NS,balance,total_assets,2018-03-31,129550900000.0,2018-08-14,"Annual report (https://nsearchives.nseindia.com/annual_reports/AR_13048_JETAIRWAYS_2017_2018_14082018145237.zip), consolidated balance sheet, PDF page 165"
JETAIRWAYS.NS,balance,total_liabilities,2018-03-31,200942200000.0,2018-08-14,"Annual report (https://nsearchives.nseindia.com/annual_reports/AR_13048_JETAIRWAYS_2017_2018_14082018145237.zip), consolidated balance sheet, PDF page 165"
JETAIRWAYS.NS,balance,total_equity,2018-03-31,-71391300000.0,2018-08-14,"Annual report (https://nsearchives.nseindia.com/annual_reports/AR_13048_JETAIRWAYS_2017_2018_14082018145237.zip), consolidated balance sheet, PDF page 165; equity attributable to owners"
JETAIRWAYS.NS,balance,current_assets,2018-03-31,72996800000.0,2018-08-14,"Annual report (https://nsearchives.nseindia.com/annual_reports/AR_13048_JETAIRWAYS_2017_2018_14082018145237.zip), consolidated balance sheet, PDF page 165"
JETAIRWAYS.NS,balance,current_liabilities,2018-03-31,145051600000.0,2018-08-14,"Annual report (https://nsearchives.nseindia.com/annual_reports/AR_13048_JETAIRWAYS_2017_2018_14082018145237.zip), consolidated balance sheet, PDF page 165"
JETAIRWAYS.NS,balance,inventory,2018-03-31,4876400000.0,2018-08-14,"Annual report (https://nsearchives.nseindia.com/annual_reports/AR_13048_JETAIRWAYS_2017_2018_14082018145237.zip), consolidated balance sheet, PDF page 165"
JETAIRWAYS.NS,balance,cash,2018-03-31,3211300000.0,2018-08-14,"Annual report (https://nsearchives.nseindia.com/annual_reports/AR_13048_JETAIRWAYS_2017_2018_14082018145237.zip), consolidated balance sheet, PDF page 165; cash and cash equivalents"
JETAIRWAYS.NS,balance,long_term_debt,2018-03-31,50855600000.0,2018-08-14,"Annual report (https://nsearchives.nseindia.com/annual_reports/AR_13048_JETAIRWAYS_2017_2018_14082018145237.zip), consolidated balance sheet, PDF page 165; notes PDF pages 189, 194; non-current borrowings"
JETAIRWAYS.NS,balance,short_term_debt,2018-03-31,33175900000.0,2018-08-14,"Annual report (https://nsearchives.nseindia.com/annual_reports/AR_13048_JETAIRWAYS_2017_2018_14082018145237.zip), consolidated balance sheet, PDF page 165; notes PDF pages 189, 194; current borrowings + current maturities of long-term debt (in other financial liabilities)"
JETAIRWAYS.NS,balance,retained_earnings,2018-03-31,-107716900000.0,2018-08-14,"Annual report (https://nsearchives.nseindia.com/annual_reports/AR_13048_JETAIRWAYS_2017_2018_14082018145237.zip), consolidated balance sheet, PDF page 165; notes PDF pages 189, 194; retained earnings / surplus in P&L (other equity note)"
JETAIRWAYS.NS,income,revenue,2018-03-31,245106900000.0,2018-08-14,"Annual report (https://nsearchives.nseindia.com/annual_reports/AR_13048_JETAIRWAYS_2017_2018_14082018145237.zip), consolidated P&L, PDF page 166"
JETAIRWAYS.NS,income,interest_expense,2018-03-31,8489400000.0,2018-08-14,"Annual report (https://nsearchives.nseindia.com/annual_reports/AR_13048_JETAIRWAYS_2017_2018_14082018145237.zip), consolidated P&L, PDF page 166"
JETAIRWAYS.NS,income,pretax_income,2018-03-31,-7249400000.0,2018-08-14,"Annual report (https://nsearchives.nseindia.com/annual_reports/AR_13048_JETAIRWAYS_2017_2018_14082018145237.zip), consolidated P&L, PDF page 166"
JETAIRWAYS.NS,income,net_income,2018-03-31,-6364500000.0,2018-08-14,"Annual report (https://nsearchives.nseindia.com/annual_reports/AR_13048_JETAIRWAYS_2017_2018_14082018145237.zip), consolidated P&L, PDF page 166"
JETAIRWAYS.NS,income,ebit,2018-03-31,1240000000.0,2018-08-14,"Annual report (https://nsearchives.nseindia.com/annual_reports/AR_13048_JETAIRWAYS_2017_2018_14082018145237.zip), consolidated P&L, PDF page 166; derived: profit before exceptional items and tax + finance costs"
JETAIRWAYS.NS,balance,shares_issued,2018-03-31,113597383.0,2018-08-14,"Annual report (https://nsearchives.nseindia.com/annual_reports/AR_13048_JETAIRWAYS_2017_2018_14082018145237.zip), consolidated balance sheet, PDF page 165; notes PDF pages 189, 194; equity shares in issue (share capital note)"
