symbol,quarter_end,promoter_holding_pct,pledged_pct_of_promoter,pledged_pct_of_total,pledged_shares,disclosure_date,source,industry,index,skipped
360ONE,2026-06-30,6.2,0.0,0.0,0.0,2026-07-21,https://nsearchives.nseindia.com/corporate/xbrl/SHP_1698400_21072026050353_WEB.xml,Financial Services,Nifty Midcap 150,
AIAENG,2026-06-30,58.5,0.0,0.0,0.0,2026-07-16,https://nsearchives.nseindia.com/corporate/xbrl/SHP_1694327_16072026045645_WEB.xml,Capital Goods,Nifty Midcap 150,
APLAPOLLO,2026-06-30,28.25,0.0,0.0,0.0,2026-07-21,https://nsearchives.nseindia.com/corporate/xbrl/SHP_1698262_21072026040733_WEB.xml,Capital Goods,Nifty Midcap 150,
AUBANK,2026-06-30,22.74,0.0,0.0,0.0,2026-07-21,https://nsearchives.nseindia.com/corporate/xbrl/SHP_1697776_21072026112530_WEB.xml,Financial Services,Nifty Midcap 150,
ATGL,2026-06-30,74.8,0.0,0.0,0.0,2026-07-10,https://nsearchives.nseindia.com/corporate/xbrl/SHP_1690709_10072026065544_WEB.xml,Oil Gas & Consumable Fuels,Nifty Midcap 150,
ABCAPITAL,2026-06-30,68.81,0.0,0.0,0.0,2026-07-21,https://nsearchives.nseindia.com/corporate/xbrl/SHP_1698450_21072026052022_WEB.xml,Financial Services,Nifty Midcap 150,
AJANTPHARM,2026-06-30,63.48,22.53,14.3,17870620.0,2026-07-14,https://nsearchives.nseindia.com/corporate/xbrl/SHP_1692098_14072026024314_WEB.xml,Healthcare,Nifty Midcap 150,
ALKEM,2026-06-30,49.7,0.0,0.0,0.0,2026-07-09,https://nsearchives.nseindia.com/corporate/xbrl/SHP_1689784_09072026041014_WEB.xml,Healthcare,Nifty Midcap 150,
ANTHEM,2026-06-30,71.42,0.0,0.0,0.0,2026-07-17,https://nsearchives.nseindia.com/corporate/xbrl/SHP_1695787_17072026084356_WEB.xml,Healthcare,Nifty Midcap 150,
APARINDS,2026-08-13,55.42,0.0,0.0,0.0,2026-08-20,https://nsearchives.nseindia.com/corporate/xbrl/SHP_1716338_20082026031300_WEB.xml,Capital Goods,Nifty Midcap 150,
ASHOKLEY,2026-06-30,51.51,40.1,20.49,1203500000.0,2026-07-20,https://nsearchives.nseindia.com/corporate/xbrl/SHP_1697453_20072026072032_WEB.xml,Capital Goods,Nifty Midcap 150,
ASTERDM,2026-07-13,53.72,18.17,9.76,85096820.0,2026-07-23,https://nsearchives.nseindia.com/corporate/xbrl/SHP_1700384_23072026082445_WEB.xml,Healthcare,Nifty Midcap 150,
ASTRAL,2026-06-30,54.22,0.0,0.0,0.0,2026-07-17,https://nsearchives.nseindia.com/corporate/xbrl/SHP_1695699_17072026072319_WEB.xml,Capital Goods,Nifty Midcap 150,
AUROPHARMA,2026-06-30,51.88,13.75,7.14,41060000.0,2026-07-15,https://nsearchives.nseindia.com/corporate/xbrl/SHP_1693124_15072026033059_WEB.xml,Healthcare,Nifty Midcap 150,
AIIL,2026-06-30,68.81,0.0,0.0,0.0,2026-07-20,https://nsearchives.nseindia.com/corporate/xbrl/SHP_1697577_20072026084500_WEB.xml,Financial Services,Nifty Midcap 150,
BAJAJHFL,2026-06-30,86.7,0.0,0.0,0.0,2026-07-17,https://nsearchives.nseindia.com/corporate/xbrl/SHP_1695014_17072026022946_WEB.xml,Financial Services,Nifty Midcap 150,
BALKRISIND,2026-06-30,58.29,0.0,0.0,0.0,2026-07-20,https://nsearchives.nseindia.com/corporate/xbrl/SHP_1697264_20072026061328_WEB.xml,Automobile and Auto Components,Nifty Midcap 150,
BANKINDIA,2026-06-30,73.38,0.0,0.0,0.0,2026-07-10,https://nsearchives.nseindia.com/corporate/xbrl/SHP_1690231_10072026124556_WEB.xml,Financial Services,Nifty Midcap 150,
MAHABANK,2026-06-30,73.6,0.0,0.0,0.0,2026-07-09,https://nsearchives.nseindia.com/corporate/xbrl/SHP_1689822_09072026042609_WEB.xml,Financial Services,Nifty Midcap 150,
BERGEPAINT,2026-06-30,74.98,0.0,0.0,0.0,2026-07-17,https://nsearchives.nseindia.com/corporate/xbrl/SHP_1694950_17072026011311_WEB.xml,Consumer Durables,Nifty Midcap 150,
BDL,2026-06-30,74.93,0.0,0.0,0.0,2026-07-09,https://nsearchives.nseindia.com/corporate/xbrl/SHP_1689883_09072026050801_WEB.xml,Capital Goods,Nifty Midcap 150,
BHARATFORG,2026-09-22,43.12,0.0,0.0,0.0,2026-09-23,https://nsearchives.nseindia.com/corporate/xbrl/SHP_1727121_23092026072237_WEB.xml,Automobile and Auto Components,Nifty Midcap 150,
BHEL,2026-06-30,58.17,0.0,0.0,0.0,2026-07-14,https://nsearchives.nseindia.com/corporate/xbrl/SHP_1691969_14072026122912_WEB.xml,Capital Goods,Nifty Midcap 150,
BHARTIHEXA,2026-06-30,70.0,0.0,0.0,0.0,2026-07-20,https://nsearchives.nseindia.com/corporate/xbrl/SHP_1697257_20072026061204_WEB.xml,Telecommunication,Nifty Midcap 150,
GROWW,2026-06-30,27.14,1.31,0.36,22341308.0,2026-07-28,https://nsearchives.nseindia.com/corporate/xbrl/SHP_1701670_26072026014738_WEB.xml,Financial Services,Nifty Midcap 150,
BIOCON,2026-06-30,44.68,0.0,0.0,0.0,2026-07-21,https://nsearchives.nseindia.com/corporate/xbrl/SHP_1697926_21072026125942_WEB.xml,Healthcare,Nifty Midcap 150,
BLUESTARCO,2026-06-30,36.5,0.0,0.0,0.0,2026-07-22,https://nsearchives.nseindia.com/corporate/xbrl/SHP_1699615_22072026080442_WEB.xml,Consumer Durables,Nifty Midcap 150,
CRISIL,2026-06-30,66.64,0.0,0.0,0.0,2026-07-21,https://nsearchives.nseindia.com/corporate/xbrl/SHP_1698042_21072026022318_WEB.xml,Financial Services,Nifty Midcap 150,
COCHINSHIP,2026-06-30,67.91,0.0,0.0,0.0,2026-07-18,https://nsearchives.nseindia.com/corporate/xbrl/SHP_1696144_18072026042209_WEB.xml,Capital Goods,Nifty Midcap 150,
COLPAL,2026-06-30,51.0,0.0,0.0,0.0,2026-07-16,https://nsearchives.nseindia.com/corporate/xbrl/SHP_1694328_16072026045648_WEB.xml,Fast Moving Consumer Goods,Nifty Midcap 150,
CONCOR,2026-06-30,54.8,0.0,0.0,0.0,2026-07-21,https://nsearchives.nseindia.com/corporate/xbrl/SHP_1697975_21072026012801_WEB.xml,Services,Nifty Midcap 150,
COROMANDEL,2026-06-30,56.35,0.01,0.0,12000.0,2026-07-21,https://nsearchives.nseindia.com/corporate/xbrl/SHP_1698951_21072026093448_WEB.xml,Chemicals,Nifty Midcap 150,
DABUR,2026-06-30,66.24,0.0,0.0,0.0,2026-07-16,https://nsearchives.nseindia.com/corporate/xbrl/SHP_1694429_16072026055059_WEB.xml,Fast Moving Consumer Goods,Nifty Midcap 150,
DALBHARAT,2026-06-30,55.84,0.0,0.0,0.0,2026-07-21,https://nsearchives.nseindia.com/corporate/xbrl/SHP_1698105_21072026030329_WEB.xml,Construction Materials,Nifty Midcap 150,
DIXON,2026-06-30,28.55,0.0,0.0,0.0,2026-07-18,https://nsearchives.nseindia.com/corporate/xbrl/SHP_1695887_18072026112055_WEB.xml,Consumer Durables,Nifty Midcap 150,
ENDURANCE,2026-06-30,75.0,0.0,0.0,0.0,2026-07-16,https://nsearchives.nseindia.com/corporate/xbrl/SHP_1694508_16072026062537_WEB.xml,Automobile and Auto Components,Nifty Midcap 150,
ESCORTS,2026-06-30,68.04,0.0,0.0,0.0,2026-07-17,https://nsearchives.nseindia.com/corporate/xbrl/SHP_1695516_17072026055043_WEB.xml,Capital Goods,Nifty Midcap 150,
EXIDEIND,2026-06-30,45.99,0.0,0.0,0.0,2026-07-20,https://nsearchives.nseindia.com/corporate/xbrl/SHP_1697163_20072026054456_WEB.xml,Automobile and Auto Components,Nifty Midcap 150,
NYKAA,2026-06-30,52.08,0.0,0.0,0.0,2026-07-20,https://nsearchives.nseindia.com/corporate/xbrl/SHP_1697378_20072026064645_WEB.xml,Consumer Services,Nifty Midcap 150,
FACT,2026-06-30,90.0,0.0,0.0,0.0,2026-07-10,https://nsearchives.nseindia.com/corporate/xbrl/SHP_1690536_10072026051416_WEB.xml,Chemicals,Nifty Midcap 150,
FORTIS,2026-06-30,31.17,0.0,0.0,0.0,2026-07-21,https://nsearchives.nseindia.com/corporate/xbrl/SHP_1698280_21072026041356_WEB.xml,Healthcare,Nifty Midcap 150,
GMRAIRPORT,2026-06-30,67.16,16.44,11.04,1166000000.0,2026-07-21,https://nsearchives.nseindia.com/corporate/xbrl/SHP_1698964_21072026101330_WEB.xml,Services,Nifty Midcap 150,
GICRE,2026-06-30,77.4,0.0,0.0,0.0,2026-07-21,https://nsearchives.nseindia.com/corporate/xbrl/SHP_1698286_21072026041543_WEB.xml,Financial Services,Nifty Midcap 150,
GLAXO,2026-06-30,75.0,0.0,0.0,0.0,2026-07-16,https://nsearchives.nseindia.com/corporate/xbrl/SHP_1693743_16072026094817_WEB.xml,Healthcare,Nifty Midcap 150,
GLENMARK,2026-06-30,46.65,0.0,0.0,0.0,2026-07-16,https://nsearchives.nseindia.com/corporate/xbrl/SHP_1693887_16072026123852_WEB.xml,Healthcare,Nifty Midcap 150,
MEDANTA,2026-06-30,33.0,0.0,0.0,0.0,2026-07-21,https://nsearchives.nseindia.com/corporate/xbrl/SHP_1698912_21072026083152_WEB.xml,Healthcare,Nifty Midcap 150,
GODFRYPHLP,2026-06-30,72.58,0.21,0.15,240000.0,2026-07-17,https://nsearchives.nseindia.com/corporate/xbrl/SHP_1695185_17072026035653_WEB.xml,Fast Moving Consumer Goods,Nifty Midcap 150,
GODREJIND,2026-06-30,74.64,0.0,0.0,0.0,2026-07-20,https://nsearchives.nseindia.com/corporate/xbrl/SHP_1696878_20072026041613_WEB.xml,Diversified,Nifty Midcap 150,
GODREJPROP,2026-06-30,51.66,0.0,0.0,0.0,2026-07-17,https://nsearchives.nseindia.com/corporate/xbrl/SHP_1695439_17072026052651_WEB.xml,Realty,Nifty Midcap 150,
FLUOROCHEM,2026-06-30,61.39,5.97,3.66,4025684.0,2026-07-13,https://nsearchives.nseindia.com/corporate/xbrl/SHP_1691380_13072026034028_WEB.xml,Chemicals,Nifty Midcap 150,
HDBFS,2026-06-30,74.12,0.0,0.0,0.0,2026-07-15,https://nsearchives.nseindia.com/corporate/xbrl/SHP_1693368_15072026051820_WEB.xml,Financial Services,Nifty Midcap 150,
HAVELLS,2026-06-30,59.35,0.0,0.0,0.0,2026-07-13,https://nsearchives.nseindia.com/corporate/xbrl/SHP_1691690_13072026062157_WEB.xml,Consumer Durables,Nifty Midcap 150,
HEROMOTOCO,2026-06-30,34.73,0.0,0.0,0.0,2026-07-21,https://nsearchives.nseindia.com/corporate/xbrl/SHP_1698812_21072026073358_WEB.xml,Automobile and Auto Components,Nifty Midcap 150,
HEXT,2026-06-30,74.3,0.0,0.0,0.0,2026-07-20,https://nsearchives.nseindia.com/corporate/xbrl/SHP_1696890_20072026042305_WEB.xml,Information Technology,Nifty Midcap 150,
HINDCOPPER,2026-06-30,66.14,0.0,0.0,0.0,2026-07-10,https://nsearchives.nseindia.com/corporate/xbrl/SHP_1690460_10072026043151_WEB.xml,Metals & Mining,Nifty Midcap 150,
HINDPETRO,2026-06-30,54.9,0.0,0.0,0.0,2026-07-17,https://nsearchives.nseindia.com/corporate/xbrl/SHP_1695181_17072026035547_WEB.xml,Oil Gas & Consumable Fuels,Nifty Midcap 150,
HUDCO,2026-06-30,75.0,0.0,0.0,0.0,2026-07-17,https://nsearchives.nseindia.com/corporate/xbrl/SHP_1695237_17072026041515_WEB.xml,Financial Services,Nifty Midcap 150,
ICICIGI,2026-06-30,51.22,0.0,0.0,0.0,2026-07-17,https://nsearchives.nseindia.com/corporate/xbrl/SHP_1695565_17072026060707_WEB.xml,Financial Services,Nifty Midcap 150,
ICICIAMC,2026-06-30,87.6,0.0,0.0,0.0,2026-09-04,https://nsearchives.nseindia.com/corporate/xbrl/SHP_1721015_03092026074309_WEB.xml,Financial Services,Nifty Midcap 150,
ICICIPRULI,2026-06-30,72.73,0.0,0.0,0.0,2026-07-21,https://nsearchives.nseindia.com/corporate/xbrl/SHP_1698883_21072026081048_WEB.xml,Financial Services,Nifty Midcap 150,
ITCHOTELS,2026-06-30,39.85,0.0,0.0,0.0,2026-07-21,https://nsearchives.nseindia.com/corporate/xbrl/SHP_1698499_21072026053921_WEB.xml,Consumer Services,Nifty Midcap 150,
INDIANB,2026-06-30,73.84,0.0,0.0,0.0,2026-07-04,https://nsearchives.nseindia.com/corporate/xbrl/SHP_1688100_04072026120445_WEB.xml,Financial Services,Nifty Midcap 150,
INDHOTEL,2026-06-30,38.12,0.0,0.0,0.0,2026-07-20,https://nsearchives.nseindia.com/corporate/xbrl/SHP_1697682_20072026115559_WEB.xml,Consumer Services,Nifty Midcap 150,
IOB,2026-06-30,92.44,0.0,0.0,0.0,2026-07-13,https://nsearchives.nseindia.com/corporate/xbrl/SHP_1691544_13072026051036_WEB.xml,Financial Services,Nifty Midcap 150,
IRCTC,2026-06-30,62.4,0.0,0.0,0.0,2026-07-16,https://nsearchives.nseindia.com/corporate/xbrl/SHP_1694538_16072026063705_WEB.xml,Consumer Services,Nifty Midcap 150,
IREDA,2026-06-30,71.76,0.0,0.0,0.0,2026-07-17,https://nsearchives.nseindia.com/corporate/xbrl/SHP_1695149_17072026033942_WEB.xml,Financial Services,Nifty Midcap 150,
INDUSTOWER,2026-06-30,51.26,0.0,0.0,0.0,2026-07-21,https://nsearchives.nseindia.com/corporate/xbrl/SHP_1698070_21072026024107_WEB.xml,Telecommunication,Nifty Midcap 150,
INDUSINDBK,2026-06-30,15.82,42.78,6.45,50267535.0,2026-07-17,https://nsearchives.nseindia.com/corporate/xbrl/SHP_1695339_17072026045502_WEB.xml,Financial Services,Nifty Midcap 150,
NAUKRI,2026-06-30,37.47,0.0,0.0,0.0,2026-07-21,https://nsearchives.nseindia.com/corporate/xbrl/SHP_1697876_21072026123605_WEB.xml,Consumer Services,Nifty Midcap 150,
IPCALAB,2026-06-30,44.72,0.0,0.0,0.0,2026-07-17,https://nsearchives.nseindia.com/corporate/xbrl/SHP_1694779_17072026104110_WEB.xml,Healthcare,Nifty Midcap 150,
JKCEMENT,2026-06-30,45.66,0.0,0.0,0.0,2026-07-14,https://nsearchives.nseindia.com/corporate/xbrl/SHP_1692580_14072026063745_WEB.xml,Construction Materials,Nifty Midcap 150,
JSWENERGY,2026-06-30,66.53,13.28,8.84,161995970.0,2026-08-07,https://nsearchives.nseindia.com/corporate/xbrl/SHP_1708681_05082026084803_WEB.xml,Power,Nifty Midcap 150,
JSWINFRA,2026-06-30,73.93,0.0,0.0,0.0,2026-07-21,https://nsearchives.nseindia.com/corporate/xbrl/SHP_1698798_21072026072116_WEB.xml,Services,Nifty Midcap 150,
JSL,2026-06-30,62.05,0.61,0.38,3100000.0,2026-07-15,https://nsearchives.nseindia.com/corporate/xbrl/SHP_1692838_15072026114533_WEB.xml,Metals & Mining,Nifty Midcap 150,
JUBLFOOD,2026-06-30,40.27,1.35,0.55,3600000.0,2026-07-20,https://nsearchives.nseindia.com/corporate/xbrl/SHP_1696717_20072026030416_WEB.xml,Consumer Services,Nifty Midcap 150,
KPRMILL,2026-06-30,67.52,0.0,0.0,0.0,2026-07-16,https://nsearchives.nseindia.com/corporate/xbrl/SHP_1694369_16072026051629_WEB.xml,Textiles,Nifty Midcap 150,
KEI,2026-06-30,35.0,0.0,0.0,0.0,2026-07-20,https://nsearchives.nseindia.com/corporate/xbrl/SHP_1696739_20072026031837_WEB.xml,Capital Goods,Nifty Midcap 150,
KALYANKJIL,2026-06-30,62.86,24.85,15.62,161326883.0,2026-07-15,https://nsearchives.nseindia.com/corporate/xbrl/SHP_1693358_15072026051405_WEB.xml,Consumer Durables,Nifty Midcap 150,
LTF,2026-06-30,65.96,0.0,0.0,0.0,2026-07-08,https://nsearchives.nseindia.com/corporate/xbrl/SHP_1689262_08072026040710_WEB.xml,Financial Services,Nifty Midcap 150,
LTTS,2026-06-30,73.52,0.0,0.0,0.0,2026-07-20,https://nsearchives.nseindia.com/corporate/xbrl/SHP_1696975_20072026044959_WEB.xml,Information Technology,Nifty Midcap 150,
LGEINDIA,2026-06-30,85.0,0.0,0.0,0.0,2026-07-18,https://nsearchives.nseindia.com/corporate/xbrl/SHP_1696319_18072026081807_WEB.xml,Consumer Durables,Nifty Midcap 150,
LICHSGFIN,2026-06-30,45.24,0.0,0.0,0.0,2026-07-17,https://nsearchives.nseindia.com/corporate/xbrl/SHP_1695227_17072026041211_WEB.xml,Financial Services,Nifty Midcap 150,
LAURUSLABS,2026-06-30,27.47,2.69,0.74,4000000.0,2026-07-21,https://nsearchives.nseindia.com/corporate/xbrl/SHP_1698821_21072026073746_WEB.xml,Healthcare,Nifty Midcap 150,
LENSKART,2026-06-30,17.53,0.0,0.0,0.0,2026-07-16,https://nsearchives.nseindia.com/corporate/xbrl/SHP_1694639_16072026073651_WEB.xml,Consumer Services,Nifty Midcap 150,
LICI,2026-06-30,96.5,0.0,0.0,0.0,2026-07-17,https://nsearchives.nseindia.com/corporate/xbrl/SHP_1695657_17072026065406_WEB.xml,Financial Services,Nifty Midcap 150,
LINDEINDIA,2026-06-30,75.0,0.0,0.0,0.0,2026-07-20,https://nsearchives.nseindia.com/corporate/xbrl/SHP_1696744_20072026031918_WEB.xml,Chemicals,Nifty Midcap 150,
LLOYDSME,2026-06-30,61.63,3.72,2.29,12903298.0,2026-09-10,https://nsearchives.nseindia.com/corporate/xbrl/SHP_1722860_09092026125828_WEB.xml,Metals & Mining,Nifty Midcap 150,
LODHA,2026-06-30,70.31,0.0,0.0,0.0,2026-07-21,https://nsearchives.nseindia.com/corporate/xbrl/SHP_1698454_21072026052127_WEB.xml,Realty,Nifty Midcap 150,
LUPIN,2026-06-30,46.85,0.0,0.0,0.0,2026-07-21,https://nsearchives.nseindia.com/corporate/xbrl/SHP_1698021_21072026020405_WEB.xml,Healthcare,Nifty Midcap 150,
MRF,2026-06-30,27.77,0.09,0.03,1100.0,2026-07-21,https://nsearchives.nseindia.com/corporate/xbrl/SHP_1697696_21072026100150_WEB.xml,Automobile and Auto Components,Nifty Midcap 150,
MANKIND,2026-06-30,72.63,0.0,0.0,0.0,2026-07-21,https://nsearchives.nseindia.com/corporate/xbrl/SHP_1697698_21072026100612_WEB.xml,Healthcare,Nifty Midcap 150,
MARICO,2026-06-30,58.91,2.03,1.19,15500000.0,2026-08-03,https://nsearchives.nseindia.com/corporate/xbrl/SHP_1706022_31072026043401_WEB.xml,Fast Moving Consumer Goods,Nifty Midcap 150,
MFSL,2026-06-30,1.25,26.92,0.34,1162020.0,2026-07-10,https://nsearchives.nseindia.com/corporate/xbrl/SHP_1690441_10072026041615_WEB.xml,Financial Services,Nifty Midcap 150,
MEESHO,2026-06-30,16.41,0.0,0.0,0.0,2026-08-14,https://nsearchives.nseindia.com/corporate/xbrl/SHP_1714225_14082026110947_WEB.xml,Consumer Services,Nifty Midcap 150,
MOTILALOFS,2026-06-30,67.2,0.0,0.0,0.0,2026-07-13,https://nsearchives.nseindia.com/corporate/xbrl/SHP_1691818_13072026085847_WEB.xml,Financial Services,Nifty Midcap 150,
MPHASIS,2026-06-30,30.54,100.0,30.54,58299642.0,2026-07-16,https://nsearchives.nseindia.com/corporate/xbrl/SHP_1694166_16072026035531_WEB.xml,Information Technology,Nifty Midcap 150,
NHPC,2026-06-30,61.39,0.0,0.0,0.0,2026-07-16,https://nsearchives.nseindia.com/corporate/xbrl/SHP_1694473_16072026061251_WEB.xml,Power,Nifty Midcap 150,
NLCINDIA,2026-06-30,69.47,0.0,0.0,0.0,2026-07-20,https://nsearchives.nseindia.com/corporate/xbrl/SHP_1697285_20072026062053_WEB.xml,Power,Nifty Midcap 150,
NMDC,2026-06-30,60.79,0.0,0.0,0.0,2026-07-18,https://nsearchives.nseindia.com/corporate/xbrl/SHP_1696090_18072026033717_WEB.xml,Metals & Mining,Nifty Midcap 150,
NTPCGREEN,2026-06-30,89.01,0.0,0.0,0.0,2026-07-16,https://nsearchives.nseindia.com/corporate/xbrl/SHP_1693814_16072026114006_WEB.xml,Power,Nifty Midcap 150,
NH,2026-06-30,63.27,0.0,0.0,0.0,2026-07-14,https://nsearchives.nseindia.com/corporate/xbrl/SHP_1692005_14072026010312_WEB.xml,Healthcare,Nifty Midcap 150,
NATIONALUM,2026-06-30,51.28,0.0,0.0,0.0,2026-07-09,https://nsearchives.nseindia.com/corporate/xbrl/SHP_1689539_09072026111022_WEB.xml,Metals & Mining,Nifty Midcap 150,
NAM-INDIA,2026-06-30,71.8,0.0,0.0,0.0,2026-07-20,https://nsearchives.nseindia.com/corporate/xbrl/SHP_1697639_20072026102909_WEB.xml,Financial Services,Nifty Midcap 150,
OBEROIRLTY,2026-06-30,67.7,0.0,0.0,0.0,2026-07-13,https://nsearchives.nseindia.com/corporate/xbrl/SHP_1691716_13072026063733_WEB.xml,Realty,Nifty Midcap 150,
OIL,2026-06-30,56.66,0.0,0.0,0.0,2026-07-20,https://nsearchives.nseindia.com/corporate/xbrl/SHP_1696989_20072026045300_WEB.xml,Oil Gas & Consumable Fuels,Nifty Midcap 150,
OFSS,2026-06-30,72.41,0.0,0.0,0.0,2026-07-10,https://nsearchives.nseindia.com/corporate/xbrl/SHP_1690146_10072026111008_WEB.xml,Information Technology,Nifty Midcap 150,
PIIND,2026-06-30,46.09,0.0,0.0,0.0,2026-07-21,https://nsearchives.nseindia.com/corporate/xbrl/SHP_1698475_21072026053125_WEB.xml,Chemicals,Nifty Midcap 150,
PAGEIND,2026-06-30,42.89,0.0,0.0,0.0,2026-07-17,https://nsearchives.nseindia.com/corporate/xbrl/SHP_1695246_17072026041822_WEB.xml,Textiles,Nifty Midcap 150,
PATANJALI,2026-06-30,68.25,0.0,0.0,2100.0,2026-07-10,https://nsearchives.nseindia.com/corporate/xbrl/SHP_1690503_10072026045753_WEB.xml,Fast Moving Consumer Goods,Nifty Midcap 150,
PERSISTENT,2026-06-30,30.29,0.0,0.0,0.0,2026-07-17,https://nsearchives.nseindia.com/corporate/xbrl/SHP_1694885_17072026122044_WEB.xml,Information Technology,Nifty Midcap 150,
PETRONET,2026-06-30,50.0,0.0,0.0,0.0,2026-07-21,https://nsearchives.nseindia.com/corporate/xbrl/SHP_1698790_21072026071958_WEB.xml,Oil Gas & Consumable Fuels,Nifty Midcap 150,
PHOENIXLTD,2026-06-30,47.25,0.0,0.0,0.0,2026-07-13,https://nsearchives.nseindia.com/corporate/xbrl/SHP_1691843_13072026101540_WEB.xml,Realty,Nifty Midcap 150,
PIRAMALFIN,2026-08-28,44.22,0.0,0.0,0.0,2026-09-03,https://nsearchives.nseindia.com/corporate/xbrl/SHP_1720618_03092026031458_WEB.xml,Financial Services,Nifty Midcap 150,
PREMIERENE,2026-06-30,58.49,0.0,0.0,0.0,2026-07-18,https://nsearchives.nseindia.com/corporate/xbrl/SHP_1696199_18072026050750_WEB.xml,Capital Goods,Nifty Midcap 150,
PRESTIGE,2026-06-30,60.94,0.0,0.0,0.0,2026-07-20,https://nsearchives.nseindia.com/corporate/xbrl/SHP_1697174_20072026054826_WEB.xml,Realty,Nifty Midcap 150,
RECLTD,2026-06-30,52.63,0.0,0.0,0.0,2026-07-15,https://nsearchives.nseindia.com/corporate/xbrl/SHP_1693602_15072026070101_WEB.xml,Financial Services,Nifty Midcap 150,
RADICO,2026-06-30,40.19,0.0,0.0,0.0,2026-07-17,https://nsearchives.nseindia.com/corporate/xbrl/SHP_1695091_17072026030527_WEB.xml,Fast Moving Consumer Goods,Nifty Midcap 150,
RVNL,2026-06-30,72.84,0.0,0.0,0.0,2026-07-20,https://nsearchives.nseindia.com/corporate/xbrl/SHP_1696996_20072026045622_WEB.xml,Construction,Nifty Midcap 150,
SBICARD,2026-06-30,68.86,0.0,0.0,0.0,2026-07-20,https://nsearchives.nseindia.com/corporate/xbrl/SHP_1696400_20072026104456_WEB.xml,Financial Services,Nifty Midcap 150,
SRF,2026-06-30,50.26,0.0,0.0,0.0,2026-07-14,https://nsearchives.nseindia.com/corporate/xbrl/SHP_1692164_14072026031700_WEB.xml,Chemicals,Nifty Midcap 150,
SCHAEFFLER,2026-06-30,74.13,0.0,0.0,0.0,2026-07-14,https://nsearchives.nseindia.com/corporate/xbrl/SHP_1691866_14072026100100_WEB.xml,Automobile and Auto Components,Nifty Midcap 150,
SHREECEM,2026-06-30,62.55,0.0,0.0,0.0,2026-07-13,https://nsearchives.nseindia.com/corporate/xbrl/SHP_1691144_13072026112515_WEB.xml,Construction Materials,Nifty Midcap 150,
SAIL,2026-06-30,65.0,0.0,0.0,0.0,2026-07-17,https://nsearchives.nseindia.com/corporate/xbrl/SHP_1695371_17072026050422_WEB.xml,Metals & Mining,Nifty Midcap 150,
SUNDARMFIN,2026-06-30,37.21,0.0,0.0,0.0,2026-07-17,https://nsearchives.nseindia.com/corporate/xbrl/SHP_1695722_17072026073731_WEB.xml,Financial Services,Nifty Midcap 150,
SUPREMEIND,2026-06-30,48.96,0.0,0.0,0.0,2026-07-17,https://nsearchives.nseindia.com/corporate/xbrl/SHP_1695080_17072026025954_WEB.xml,Capital Goods,Nifty Midcap 150,
SUZLON,2026-06-30,11.71,0.0,0.0,0.0,2026-07-14,https://nsearchives.nseindia.com/corporate/xbrl/SHP_1692158_14072026031256_WEB.xml,Capital Goods,Nifty Midcap 150,
TATACOMM,2026-06-30,58.86,0.0,0.0,0.0,2026-07-21,https://nsearchives.nseindia.com/corporate/xbrl/SHP_1698308_21072026042805_WEB.xml,Telecommunication,Nifty Midcap 150,
TATAINVEST,2026-06-30,73.38,0.0,0.0,0.0,2026-08-03,https://nsearchives.nseindia.com/corporate/xbrl/SHP_1705209_30072026044751_WEB.xml,Financial Services,Nifty Midcap 150,
THERMAX,2026-06-30,61.98,0.0,0.0,0.0,2026-07-16,https://nsearchives.nseindia.com/corporate/xbrl/SHP_1694407_16072026054011_WEB.xml,Capital Goods,Nifty Midcap 150,
TORNTPOWER,2026-06-30,51.09,0.0,0.0,0.0,2026-07-21,https://nsearchives.nseindia.com/corporate/xbrl/SHP_1697887_21072026124035_WEB.xml,Power,Nifty Midcap 150,
UNOMINDA,2026-06-30,68.36,0.0,0.0,0.0,2026-07-18,https://nsearchives.nseindia.com/corporate/xbrl/SHP_1695885_18072026111418_WEB.xml,Automobile and Auto Components,Nifty Midcap 150,
UPL,2026-06-30,33.51,0.0,0.0,0.0,2026-07-20,https://nsearchives.nseindia.com/corporate/xbrl/SHP_1697013_20072026050209_WEB.xml,Chemicals,Nifty Midcap 150,
UBL,2026-06-30,70.83,12.4,8.79,23229954.0,2026-07-17,https://nsearchives.nseindia.com/corporate/xbrl/SHP_1695686_17072026071639_WEB.xml,Fast Moving Consumer Goods,Nifty Midcap 150,
UNITDSPR,2026-06-30,56.67,1.18,0.67,4883705.0,2026-07-17,https://nsearchives.nseindia.com/corporate/xbrl/SHP_1695632_17072026063910_WEB.xml,Fast Moving Consumer Goods,Nifty Midcap 150,
VMM,2026-06-30,40.09,0.0,0.0,0.0,2026-07-09,https://nsearchives.nseindia.com/corporate/xbrl/SHP_1689817_09072026042243_WEB.xml,Consumer Services,Nifty Midcap 150,
VOLTAS,2026-06-30,30.3,0.0,0.0,0.0,2026-07-21,https://nsearchives.nseindia.com/corporate/xbrl/SHP_1698441_21072026051656_WEB.xml,Consumer Durables,Nifty Midcap 150,
WAAREEENER,2026-06-30,64.12,0.0,0.0,0.0,2026-07-08,https://nsearchives.nseindia.com/corporate/xbrl/SHP_1689454_08072026065807_WEB.xml,Capital Goods,Nifty Midcap 150,
ACC,2026-06-30,56.69,0.0,0.0,0.0,2026-07-10,https://nsearchives.nseindia.com/corporate/xbrl/SHP_1690234_10072026124901_WEB.xml,Construction Materials,Nifty Smallcap 250,
ACMESOLAR,2026-06-30,71.4,0.0,0.0,0.0,2026-07-20,https://nsearchives.nseindia.com/corporate/xbrl/SHP_1697407_20072026065935_WEB.xml,Power,Nifty Smallcap 250,
AWL,2026-06-30,56.94,0.0,0.0,0.0,2026-07-14,https://nsearchives.nseindia.com/corporate/xbrl/SHP_1692368_14072026050220_WEB.xml,Fast Moving Consumer Goods,Nifty Smallcap 250,
AADHARHFC,2026-06-30,64.66,0.0,0.0,0.0,2026-07-16,https://nsearchives.nseindia.com/corporate/xbrl/SHP_1694400_16072026053329_WEB.xml,Financial Services,Nifty Smallcap 250,
AARTIIND,2026-06-30,41.82,3.49,1.46,5300000.0,2026-07-17,https://nsearchives.nseindia.com/corporate/xbrl/SHP_1695456_17072026053403_WEB.xml,Chemicals,Nifty Smallcap 250,
AAVAS,2026-06-30,48.88,0.0,0.0,0.0,2026-07-09,https://nsearchives.nseindia.com/corporate/xbrl/SHP_1689981_09072026061648_WEB.xml,Financial Services,Nifty Smallcap 250,
ACE,2026-06-30,65.42,0.0,0.0,0.0,2026-07-08,https://nsearchives.nseindia.com/corporate/xbrl/SHP_1689371_08072026053128_WEB.xml,Capital Goods,Nifty Smallcap 250,
ACUTAAS,2026-06-30,32.66,0.0,0.0,0.0,2026-07-16,https://nsearchives.nseindia.com/corporate/xbrl/SHP_1694480_16072026061619_WEB.xml,Healthcare,Nifty Smallcap 250,
ABREL,2026-06-30,50.21,0.0,0.0,0.0,2026-07-20,https://nsearchives.nseindia.com/corporate/xbrl/SHP_1697008_20072026050127_WEB.xml,Realty,Nifty Smallcap 250,
ABSLAMC,2026-06-30,74.71,0.0,0.0,0.0,2026-07-13,https://nsearchives.nseindia.com/corporate/xbrl/SHP_1691241_13072026125659_WEB.xml,Financial Services,Nifty Smallcap 250,
CPPLUS,2026-06-30,74.71,0.0,0.0,0.0,2026-07-20,https://nsearchives.nseindia.com/corporate/xbrl/SHP_1697493_20072026073718_WEB.xml,Capital Goods,Nifty Smallcap 250,
AEGISLOG,2026-06-30,58.1,0.0,0.0,0.0,2026-07-21,https://nsearchives.nseindia.com/corporate/xbrl/SHP_1697751_21072026110533_WEB.xml,Oil Gas & Consumable Fuels,Nifty Smallcap 250,
AEGISVOPAK,2026-06-30,86.93,0.0,0.0,0.0,2026-07-21,https://nsearchives.nseindia.com/corporate/xbrl/SHP_1697778_21072026112645_WEB.xml,Oil Gas & Consumable Fuels,Nifty Smallcap 250,
AETHER,2026-06-30,74.93,0.0,0.0,0.0,2026-07-13,https://nsearchives.nseindia.com/corporate/xbrl/SHP_1691554_13072026051246_WEB.xml,Chemicals,Nifty Smallcap 250,
AFCONS,2026-06-30,50.17,100.0,50.17,184500996.0,2026-07-21,https://nsearchives.nseindia.com/corporate/xbrl/SHP_1698053_21072026022729_WEB.xml,Construction,Nifty Smallcap 250,
AFFLE,2026-06-30,54.91,0.0,0.0,0.0,2026-07-14,https://nsearchives.nseindia.com/corporate/xbrl/SHP_1692195_14072026033428_WEB.xml,Information Technology,Nifty Smallcap 250,
ABDL,2026-06-30,80.91,0.0,0.0,0.0,2026-07-20,https://nsearchives.nseindia.com/corporate/xbrl/SHP_1697389_20072026065220_WEB.xml,Fast Moving Consumer Goods,Nifty Smallcap 250,
AMBER,2026-06-30,38.09,0.0,0.0,0.0,2026-09-10,https://nsearchives.nseindia.com/corporate/xbrl/SHP_1723013_09092026054014_WEB.xml,Consumer Durables,Nifty Smallcap 250,
ANANDRATHI,2026-06-30,41.37,13.83,5.72,9498000.0,2026-07-15,https://nsearchives.nseindia.com/corporate/xbrl/SHP_1693635_15072026073252_WEB.xml,Financial Services,Nifty Smallcap 250,
ANANTRAJ,2026-06-30,57.42,0.0,0.0,0.0,2026-07-20,https://nsearchives.nseindia.com/corporate/xbrl/SHP_1696509_20072026122613_WEB.xml,Realty,Nifty Smallcap 250,
ANGELONE,2026-06-30,28.59,0.0,0.0,0.0,2026-07-16,https://nsearchives.nseindia.com/corporate/xbrl/SHP_1694660_16072026080533_WEB.xml,Financial Services,Nifty Smallcap 250,
ANURAS,2026-06-30,59.07,21.79,12.87,14655780.0,2026-07-21,https://nsearchives.nseindia.com/corporate/xbrl/SHP_1697930_21072026010616_WEB.xml,Chemicals,Nifty Smallcap 250,
APOLLOTYRE,2026-06-30,36.93,0.01,0.0,24000.0,2026-07-20,https://nsearchives.nseindia.com/corporate/xbrl/SHP_1697178_20072026054905_WEB.xml,Automobile and Auto Components,Nifty Smallcap 250,
APTUS,2026-06-30,23.86,0.0,0.0,0.0,2026-07-16,https://nsearchives.nseindia.com/corporate/xbrl/SHP_1694282_16072026043848_WEB.xml,Financial Services,Nifty Smallcap 250,
ASAHIINDIA,2026-06-30,51.57,3.36,1.73,4415000.0,2026-07-21,https://nsearchives.nseindia.com/corporate/xbrl/SHP_1698182_21072026033651_WEB.xml,Automobile and Auto Components,Nifty Smallcap 250,
ATHERENERG,2026-07-20,39.58,0.0,0.0,0.0,2026-07-28,https://nsearchives.nseindia.com/corporate/xbrl/SHP_1703091_28072026045841_WEB.xml,Automobile and Auto Components,Nifty Smallcap 250,
ATUL,2026-06-30,45.33,0.97,0.44,130000.0,2026-07-16,https://nsearchives.nseindia.com/corporate/xbrl/SHP_1694134_16072026033857_WEB.xml,Chemicals,Nifty Smallcap 250,
AVANTIFEED,2026-06-30,43.23,0.0,0.0,0.0,2026-07-18,https://nsearchives.nseindia.com/corporate/xbrl/SHP_1695911_18072026114203_WEB.xml,Fast Moving Consumer Goods,Nifty Smallcap 250,
AZAD,2026-06-30,55.84,0.0,0.0,0.0,2026-07-15,https://nsearchives.nseindia.com/corporate/xbrl/SHP_1693098_15072026031607_WEB.xml,Capital Goods,Nifty Smallcap 250,
BEML,2026-06-30,54.03,0.0,0.0,0.0,2026-07-17,https://nsearchives.nseindia.com/corporate/xbrl/SHP_1695010_17072026022513_WEB.xml,Capital Goods,Nifty Smallcap 250,
BLS,2026-06-30,70.39,0.0,0.0,10160.0,2026-07-21,https://nsearchives.nseindia.com/corporate/xbrl/SHP_1698333_21072026043633_WEB.xml,Consumer Services,Nifty Smallcap 250,
BALRAMCHIN,2026-06-30,42.86,0.0,0.0,0.0,2026-07-21,https://nsearchives.nseindia.com/corporate/xbrl/SHP_1698902_21072026082444_WEB.xml,Fast Moving Consumer Goods,Nifty Smallcap 250,
BANDHANBNK,2026-06-30,37.54,0.0,0.0,0.0,2026-07-21,https://nsearchives.nseindia.com/corporate/xbrl/SHP_1698905_21072026082551_WEB.xml,Financial Services,Nifty Smallcap 250,
BATAINDIA,2026-06-30,50.16,0.0,0.0,0.0,2026-07-17,https://nsearchives.nseindia.com/corporate/xbrl/SHP_1694924_17072026125457_WEB.xml,Consumer Durables,Nifty Smallcap 250,
BELRISE,2026-07-17,61.15,0.0,0.0,0.0,2026-07-23,https://nsearchives.nseindia.com/corporate/xbrl/SHP_1700007_23072026041010_WEB.xml,Automobile and Auto Components,Nifty Smallcap 250,
BHARATCOAL,2026-06-30,90.0,0.0,0.0,0.0,2026-07-13,https://nsearchives.nseindia.com/corporate/xbrl/SHP_1691555_13072026051249_WEB.xml,Oil Gas & Consumable Fuels,Nifty Smallcap 250,
BSOFT,2026-06-30,40.38,0.0,0.0,0.0,2026-07-21,https://nsearchives.nseindia.com/corporate/xbrl/SHP_1698627_21072026061914_WEB.xml,Information Technology,Nifty Smallcap 250,
BBOX,2026-06-30,69.95,0.0,0.0,0.0,2026-07-17,https://nsearchives.nseindia.com/corporate/xbrl/SHP_1694791_17072026105505_WEB.xml,Information Technology,Nifty Smallcap 250,
BRIGADE,2026-06-30,41.1,0.0,0.0,0.0,2026-07-16,https://nsearchives.nseindia.com/corporate/xbrl/SHP_1694669_16072026082123_WEB.xml,Realty,Nifty Smallcap 250,
CCL,2026-06-30,46.14,0.0,0.0,0.0,2026-07-13,https://nsearchives.nseindia.com/corporate/xbrl/SHP_1691699_13072026062725_WEB.xml,Fast Moving Consumer Goods,Nifty Smallcap 250,
CESC,2026-06-30,52.11,0.0,0.0,0.0,2026-07-20,https://nsearchives.nseindia.com/corporate/xbrl/SHP_1696476_20072026115854_WEB.xml,Power,Nifty Smallcap 250,
CIEINDIA,2026-06-30,65.7,0.0,0.0,0.0,2026-07-15,https://nsearchives.nseindia.com/corporate/xbrl/SHP_1693049_15072026024717_WEB.xml,Automobile and Auto Components,Nifty Smallcap 250,
CANFINHOME,2026-06-30,29.99,0.0,0.0,0.0,2026-07-14,https://nsearchives.nseindia.com/corporate/xbrl/SHP_1692508_14072026061043_WEB.xml,Financial Services,Nifty Smallcap 250,
CANHLIFE,2026-06-30,62.0,0.0,0.0,0.0,2026-07-20,https://nsearchives.nseindia.com/corporate/xbrl/SHP_1696979_20072026045114_WEB.xml,Financial Services,Nifty Smallcap 250,
CAPLIPOINT,2026-06-30,70.57,0.0,0.0,0.0,2026-07-21,https://nsearchives.nseindia.com/corporate/xbrl/SHP_1698023_21072026020631_WEB.xml,Healthcare,Nifty Smallcap 250,
CGCL,2026-09-30,59.92,0.0,0.0,0.0,2026-10-01,https://nsearchives.nseindia.com/corporate/xbrl/SHP_1732514_01102026082308_WEB.xml,Financial Services,Nifty Smallcap 250,
CARBORUNIV,2026-06-30,38.89,0.0,0.0,0.0,2026-07-21,https://nsearchives.nseindia.com/corporate/xbrl/SHP_1697761_21072026111336_WEB.xml,Capital Goods,Nifty Smallcap 250,
CASTROLIND,2026-06-30,51.0,0.0,0.0,0.0,2026-07-15,https://nsearchives.nseindia.com/corporate/xbrl/SHP_1693471_15072026060051_WEB.xml,Oil Gas & Consumable Fuels,Nifty Smallcap 250,
CEATLTD,2026-06-30,47.29,0.0,0.0,0.0,2026-07-20,https://nsearchives.nseindia.com/corporate/xbrl/SHP_1696839_20072026040025_WEB.xml,Automobile and Auto Components,Nifty Smallcap 250,
CEMPRO,2026-06-30,67.46,0.0,0.0,0.0,2026-07-10,https://nsearchives.nseindia.com/corporate/xbrl/SHP_1690337_10072026030637_WEB.xml,Construction,Nifty Smallcap 250,
CENTRALBK,2026-06-30,81.19,0.0,0.0,0.0,2026-07-18,https://nsearchives.nseindia.com/corporate/xbrl/SHP_1696040_18072026024332_WEB.xml,Financial Services,Nifty Smallcap 250,
CDSL,2026-06-30,15.0,0.0,0.0,0.0,2026-07-21,https://nsearchives.nseindia.com/corporate/xbrl/SHP_1698727_21072026065645_WEB.xml,Financial Services,Nifty Smallcap 250,
CMPDI,2026-06-30,85.0,0.0,0.0,0.0,2026-07-16,https://nsearchives.nseindia.com/corporate/xbrl/SHP_1694240_16072026042232_WEB.xml,Services,Nifty Smallcap 250,
CHAMBLFERT,2026-06-30,61.34,23.07,14.15,56698333.0,2026-07-17,https://nsearchives.nseindia.com/corporate/xbrl/SHP_1694811_17072026111452_WEB.xml,Chemicals,Nifty Smallcap 250,
CHENNPETRO,2026-06-30,67.29,0.0,0.0,0.0,2026-07-03,https://nsearchives.nseindia.com/corporate/xbrl/SHP_1688017_03072026094801_WEB.xml,Oil Gas & Consumable Fuels,Nifty Smallcap 250,
CHOICEIN,2026-06-30,53.65,11.9,6.38,14220000.0,2026-07-21,https://nsearchives.nseindia.com/corporate/xbrl/SHP_1698474_21072026053010_WEB.xml,Financial Services,Nifty Smallcap 250,
CHOLAHLDNG,2026-06-30,46.43,0.02,0.01,13200.0,2026-07-16,https://nsearchives.nseindia.com/corporate/xbrl/SHP_1694713_16072026112648_WEB.xml,Financial Services,Nifty Smallcap 250,
CLEANMAX,2026-06-30,49.42,20.02,9.89,11597866.0,2026-07-17,https://nsearchives.nseindia.com/corporate/xbrl/SHP_1695700_17072026072335_WEB.xml,Power,Nifty Smallcap 250,
CLEAN,2026-06-30,51.29,0.0,0.0,0.0,2026-07-18,https://nsearchives.nseindia.com/corporate/xbrl/SHP_1696171_18072026044234_WEB.xml,Chemicals,Nifty Smallcap 250,
COHANCE,2026-06-30,57.49,94.56,54.36,207974582.0,2026-07-17,https://nsearchives.nseindia.com/corporate/xbrl/SHP_1695778_17072026082832_WEB.xml,Healthcare,Nifty Smallcap 250,
CONCORDBIO,2026-06-30,44.08,0.0,0.0,0.0,2026-07-18,https://nsearchives.nseindia.com/corporate/xbrl/SHP_1696145_18072026042302_WEB.xml,Healthcare,Nifty Smallcap 250,
CRAFTSMAN,2026-06-30,42.41,0.0,0.0,0.0,2026-07-11,https://nsearchives.nseindia.com/corporate/xbrl/SHP_1690883_11072026111837_WEB.xml,Automobile and Auto Components,Nifty Smallcap 250,
CREDITACC,2026-06-30,66.21,0.0,0.0,0.0,2026-07-15,https://nsearchives.nseindia.com/corporate/xbrl/SHP_1693264_15072026043311_WEB.xml,Financial Services,Nifty Smallcap 250,
CUPID,2026-06-30,46.24,8.03,3.71,49936975.0,2026-07-15,https://nsearchives.nseindia.com/corporate/xbrl/SHP_1693218_15072026041154_WEB.xml,Fast Moving Consumer Goods,Nifty Smallcap 250,
CYIENT,2026-07-15,24.7,0.0,0.0,0.0,2026-07-24,https://nsearchives.nseindia.com/corporate/xbrl/SHP_1701276_24072026082345_WEB.xml,Information Technology,Nifty Smallcap 250,
DOMS,2026-06-30,63.39,0.0,0.0,0.0,2026-07-20,https://nsearchives.nseindia.com/corporate/xbrl/SHP_1697113_20072026052917_WEB.xml,Fast Moving Consumer Goods,Nifty Smallcap 250,
DATAPATTNS,2026-06-30,42.41,0.0,0.0,0.0,2026-07-16,https://nsearchives.nseindia.com/corporate/xbrl/SHP_1694399_16072026053327_WEB.xml,Capital Goods,Nifty Smallcap 250,
DEEPAKFERT,2026-06-30,45.63,5.47,2.5,3153000.0,2026-07-20,https://nsearchives.nseindia.com/corporate/xbrl/SHP_1696870_20072026041237_WEB.xml,Chemicals,Nifty Smallcap 250,
DEEPAKNTR,2026-06-30,49.34,0.0,0.0,0.0,2026-07-21,https://nsearchives.nseindia.com/corporate/xbrl/SHP_1697750_21072026110530_WEB.xml,Chemicals,Nifty Smallcap 250,
DEVYANI,2026-06-30,61.36,0.0,0.0,3500.0,2026-07-21,https://nsearchives.nseindia.com/corporate/xbrl/SHP_1698688_21072026064214_WEB.xml,Consumer Services,Nifty Smallcap 250,
LALPATHLAB,2026-06-30,53.19,0.0,0.0,0.0,2026-07-21,https://nsearchives.nseindia.com/corporate/xbrl/SHP_1698749_21072026070518_WEB.xml,Healthcare,Nifty Smallcap 250,
EIDPARRY,2026-06-30,41.28,0.0,0.0,2500.0,2026-09-11,https://nsearchives.nseindia.com/corporate/xbrl/SHP_1723581_11092026031058_WEB.xml,Fast Moving Consumer Goods,Nifty Smallcap 250,
EIHOTEL,2026-06-30,32.85,0.0,0.0,0.0,2026-07-21,https://nsearchives.nseindia.com/corporate/xbrl/SHP_1697827_21072026120829_WEB.xml,Consumer Services,Nifty Smallcap 250,
ELECON,2026-06-30,59.27,0.0,0.0,0.0,2026-07-09,https://nsearchives.nseindia.com/corporate/xbrl/SHP_1689643_09072026021504_WEB.xml,Capital Goods,Nifty Smallcap 250,
ELGIEQUIP,2026-06-30,31.19,0.88,0.27,869144.0,2026-07-16,https://nsearchives.nseindia.com/corporate/xbrl/SHP_1694212_16072026041137_WEB.xml,Capital Goods,Nifty Smallcap 250,
EMAMILTD,2026-06-30,54.84,16.23,8.9,38858006.0,2026-07-17,https://nsearchives.nseindia.com/corporate/xbrl/SHP_1695544_17072026055942_WEB.xml,Fast Moving Consumer Goods,Nifty Smallcap 250,
EMCURE,2026-06-30,77.83,0.04,0.03,60000.0,2026-07-21,https://nsearchives.nseindia.com/corporate/xbrl/SHP_1698017_21072026020152_WEB.xml,Healthcare,Nifty Smallcap 250,
EMMVEE,2026-06-30,80.03,0.0,0.0,0.0,2026-07-20,https://nsearchives.nseindia.com/corporate/xbrl/SHP_1697164_20072026054540_WEB.xml,Capital Goods,Nifty Smallcap 250,
ENGINERSIN,2026-06-30,51.32,0.0,0.0,0.0,2026-07-14,https://nsearchives.nseindia.com/corporate/xbrl/SHP_1692204_14072026033843_WEB.xml,Construction,Nifty Smallcap 250,
FINCABLES,2026-06-30,35.86,0.0,0.0,0.0,2026-07-16,https://nsearchives.nseindia.com/corporate/xbrl/SHP_1694064_16072026030339_WEB.xml,Capital Goods,Nifty Smallcap 250,
FSL,2026-06-30,53.66,0.0,0.0,0.0,2026-07-14,https://nsearchives.nseindia.com/corporate/xbrl/SHP_1692627_14072026071441_WEB.xml,Services,Nifty Smallcap 250,
FIVESTAR,2026-06-30,18.61,0.0,0.0,350.0,2026-07-17,https://nsearchives.nseindia.com/corporate/xbrl/SHP_1694873_17072026121250_WEB.xml,Financial Services,Nifty Smallcap 250,
FORCEMOT,2026-06-30,61.63,0.0,0.0,0.0,2026-07-17,https://nsearchives.nseindia.com/corporate/xbrl/SHP_1694816_17072026111734_WEB.xml,Automobile and Auto Components,Nifty Smallcap 250,
FRACTAL,2026-06-30,16.97,3.42,0.58,999370.0,2026-07-20,https://nsearchives.nseindia.com/corporate/xbrl/SHP_1696554_20072026125303_WEB.xml,Information Technology,Nifty Smallcap 250,
GABRIEL,2026-09-11,66.29,0.0,0.0,0.0,2026-09-18,https://nsearchives.nseindia.com/corporate/xbrl/SHP_1725553_18092026075837_WEB.xml,Automobile and Auto Components,Nifty Smallcap 250,
GALLANTT,2026-06-30,70.03,0.0,0.0,0.0,2026-07-20,https://nsearchives.nseindia.com/corporate/xbrl/SHP_1697492_20072026073715_WEB.xml,Capital Goods,Nifty Smallcap 250,
GRSE,2026-06-30,74.5,0.0,0.0,0.0,2026-07-14,https://nsearchives.nseindia.com/corporate/xbrl/SHP_1692347_14072026045422_WEB.xml,Capital Goods,Nifty Smallcap 250,
GILLETTE,2026-06-30,75.0,0.0,0.0,0.0,2026-07-21,https://nsearchives.nseindia.com/corporate/xbrl/SHP_1697792_21072026113643_WEB.xml,Fast Moving Consumer Goods,Nifty Smallcap 250,
GLAND,2026-06-30,51.77,0.0,0.0,0.0,2026-07-20,https://nsearchives.nseindia.com/corporate/xbrl/SHP_1697195_20072026055314_WEB.xml,Healthcare,Nifty Smallcap 250,
GPIL,2026-06-30,63.18,0.0,0.0,0.0,2026-07-17,https://nsearchives.nseindia.com/corporate/xbrl/SHP_1695564_17072026060657_WEB.xml,Capital Goods,Nifty Smallcap 250,
GRANULES,2026-09-16,37.39,0.0,0.0,0.0,2026-09-23,https://nsearchives.nseindia.com/corporate/xbrl/SHP_1726791_23092026022448_WEB.xml,Healthcare,Nifty Smallcap 250,
GRAPHITE,2026-06-30,65.34,0.0,0.0,0.0,2026-07-20,https://nsearchives.nseindia.com/corporate/xbrl/SHP_1696478_20072026115941_WEB.xml,Capital Goods,Nifty Smallcap 250,
GRAVITA,2026-06-30,55.88,0.0,0.0,0.0,2026-07-20,https://nsearchives.nseindia.com/corporate/xbrl/SHP_1697360_20072026064031_WEB.xml,Metals & Mining,Nifty Smallcap 250,
GESHIP,2026-06-30,30.07,0.0,0.0,0.0,2026-07-16,https://nsearchives.nseindia.com/corporate/xbrl/SHP_1693804_16072026113118_WEB.xml,Services,Nifty Smallcap 250,
GMDCLTD,2026-06-30,74.0,0.0,0.0,0.0,2026-07-08,https://nsearchives.nseindia.com/corporate/xbrl/SHP_1689144_08072026124621_WEB.xml,Metals & Mining,Nifty Smallcap 250,
HBLENGINE,2026-06-30,59.11,0.0,0.0,0.0,2026-07-23,https://nsearchives.nseindia.com/corporate/xbrl/SHP_1699697_23072026103348_WEB.xml,Capital Goods,Nifty Smallcap 250,
HEGAM,2026-09-08,60.72,0.0,0.0,0.0,2026-09-17,https://nsearchives.nseindia.com/corporate/xbrl/SHP_1724946_17092026031225_WEB.xml,Capital Goods,Nifty Smallcap 250,
HFCL,2026-06-30,28.29,2.08,0.59,9000000.0,2026-07-16,https://nsearchives.nseindia.com/corporate/xbrl/SHP_1693810_16072026113543_WEB.xml,Telecommunication,Nifty Smallcap 250,
HSCL,2026-06-30,52.5,0.0,0.0,0.0,2026-07-11,https://nsearchives.nseindia.com/corporate/xbrl/SHP_1690977_11072026032909_WEB.xml,Chemicals,Nifty Smallcap 250,
HOMEFIRST,2026-06-30,6.97,0.0,0.0,0.0,2026-07-19,https://nsearchives.nseindia.com/corporate/xbrl/SHP_1696367_19072026090147_WEB.xml,Financial Services,Nifty Smallcap 250,
HONASA,2026-06-30,35.47,4.15,1.47,4800000.0,2026-07-16,https://nsearchives.nseindia.com/corporate/xbrl/SHP_1694185_16072026040434_WEB.xml,Fast Moving Consumer Goods,Nifty Smallcap 250,
HONAUT,2026-06-30,75.0,0.0,0.0,0.0,2026-07-20,https://nsearchives.nseindia.com/corporate/xbrl/SHP_1696624_20072026015542_WEB.xml,Capital Goods,Nifty Smallcap 250,
IDBI,2026-06-30,94.71,0.0,0.0,0.0,2026-07-14,https://nsearchives.nseindia.com/corporate/xbrl/SHP_1692479_14072026055631_WEB.xml,Financial Services,Nifty Smallcap 250,
IFCI,2026-06-30,72.57,0.0,0.0,0.0,2026-07-16,https://nsearchives.nseindia.com/corporate/xbrl/SHP_1694043_16072026024916_WEB.xml,Financial Services,Nifty Smallcap 250,
IIFL,2026-06-30,24.85,0.0,0.0,0.0,2026-07-16,https://nsearchives.nseindia.com/corporate/xbrl/SHP_1694476_16072026061342_WEB.xml,Financial Services,Nifty Smallcap 250,
INOXINDIA,2026-06-30,74.86,0.0,0.0,0.0,2026-07-13,https://nsearchives.nseindia.com/corporate/xbrl/SHP_1691439_13072026041636_WEB.xml,Capital Goods,Nifty Smallcap 250,
IRB,2026-06-30,30.81,0.03,0.01,1289000.0,2026-07-17,https://nsearchives.nseindia.com/corporate/xbrl/SHP_1695315_17072026044548_WEB.xml,Construction,Nifty Smallcap 250,
IRCON,2026-06-30,65.17,0.0,0.0,0.0,2026-07-08,https://nsearchives.nseindia.com/corporate/xbrl/SHP_1689236_08072026032530_WEB.xml,Construction,Nifty Smallcap 250,
ITI,2026-06-30,90.02,0.0,0.0,0.0,2026-07-20,https://nsearchives.nseindia.com/corporate/xbrl/SHP_1696699_20072026025445_WEB.xml,Telecommunication,Nifty Smallcap 250,
INDIACEM,2026-06-30,75.0,0.0,0.0,0.0,2026-07-20,https://nsearchives.nseindia.com/corporate/xbrl/SHP_1697048_20072026051425_WEB.xml,Construction Materials,Nifty Smallcap 250,
INDIAMART,2026-06-30,49.07,0.0,0.0,0.0,2026-07-21,https://nsearchives.nseindia.com/corporate/xbrl/SHP_1698641_21072026062311_WEB.xml,Consumer Services,Nifty Smallcap 250,
IGL,2026-06-30,45.0,0.0,0.0,0.0,2026-07-16,https://nsearchives.nseindia.com/corporate/xbrl/SHP_1694199_16072026040801_WEB.xml,Oil Gas & Consumable Fuels,Nifty Smallcap 250,
INOXWIND,2026-06-30,44.18,8.08,3.57,61674000.0,2026-07-17,https://nsearchives.nseindia.com/corporate/xbrl/SHP_1695550_17072026060417_WEB.xml,Capital Goods,Nifty Smallcap 250,
INTELLECT,2026-06-30,29.62,0.0,0.0,0.0,2026-07-16,https://nsearchives.nseindia.com/corporate/xbrl/SHP_1694085_16072026031329_WEB.xml,Information Technology,Nifty Smallcap 250,
IGIL,2026-06-30,76.55,0.0,0.0,0.0,2026-07-13,https://nsearchives.nseindia.com/corporate/xbrl/SHP_1691247_13072026011228_WEB.xml,Services,Nifty Smallcap 250,
IKS,2026-06-30,63.72,0.0,0.0,0.0,2026-07-17,https://nsearchives.nseindia.com/corporate/xbrl/SHP_1695112_17072026032044_WEB.xml,Information Technology,Nifty Smallcap 250,
JBMA,2026-06-30,67.53,0.0,0.0,0.0,2026-07-03,https://nsearchives.nseindia.com/corporate/xbrl/SHP_1687886_03072026062257_WEB.xml,Automobile and Auto Components,Nifty Smallcap 250,
JKTYRE,2026-06-30,51.72,0.0,0.0,0.0,2026-07-21,https://nsearchives.nseindia.com/corporate/xbrl/SHP_1698919_21072026083430_WEB.xml,Automobile and Auto Components,Nifty Smallcap 250,
JMFINANCIL,2026-06-30,57.03,0.0,0.0,0.0,2026-07-20,https://nsearchives.nseindia.com/corporate/xbrl/SHP_1697604_20072026092603_WEB.xml,Financial Services,Nifty Smallcap 250,
JSWCEMENT,2026-06-30,72.02,0.08,0.06,800000.0,2026-07-21,https://nsearchives.nseindia.com/corporate/xbrl/SHP_1697999_21072026014101_WEB.xml,Construction Materials,Nifty Smallcap 250,
JAINREC,2026-06-30,73.59,0.0,0.0,0.0,2026-07-21,https://nsearchives.nseindia.com/corporate/xbrl/SHP_1698772_21072026071253_WEB.xml,Metals & Mining,Nifty Smallcap 250,
JPPOWER,2026-06-30,24.0,72.99,17.52,1200509465.0,2026-07-13,https://nsearchives.nseindia.com/corporate/xbrl/SHP_1691416_13072026035716_WEB.xml,Power,Nifty Smallcap 250,
JINDALSAW,2026-06-30,63.25,0.0,0.0,0.0,2026-07-17,https://nsearchives.nseindia.com/corporate/xbrl/SHP_1695162_17072026034750_WEB.xml,Capital Goods,Nifty Smallcap 250,
JUBLINGREA,2026-06-30,45.22,9.3,4.21,6700000.0,2026-07-15,https://nsearchives.nseindia.com/corporate/xbrl/SHP_1692843_15072026114851_WEB.xml,Chemicals,Nifty Smallcap 250,
JWL,2026-06-30,68.31,0.0,0.0,0.0,2026-07-10,https://nsearchives.nseindia.com/corporate/xbrl/SHP_1690667_10072026061724_WEB.xml,Capital Goods,Nifty Smallcap 250,
JYOTICNC,2026-06-30,62.55,20.92,13.08,29752000.0,2026-07-15,https://nsearchives.nseindia.com/corporate/xbrl/SHP_1693247_15072026042441_WEB.xml,Capital Goods,Nifty Smallcap 250,
KPITTECH,2026-06-30,38.6,0.0,0.0,0.0,2026-09-21,https://nsearchives.nseindia.com/corporate/xbrl/SHP_1724959_17092026033128_WEB.xml,Information Technology,Nifty Smallcap 250,
KSB,2026-06-30,69.8,0.0,0.0,0.0,2026-07-21,https://nsearchives.nseindia.com/corporate/xbrl/SHP_1697984_21072026013349_WEB.xml,Capital Goods,Nifty Smallcap 250,
KAJARIACER,2026-06-30,47.69,0.0,0.0,0.0,2026-07-14,https://nsearchives.nseindia.com/corporate/xbrl/SHP_1692431_14072026052918_WEB.xml,Consumer Durables,Nifty Smallcap 250,
KPIL,2026-06-30,33.58,24.55,8.24,14077560.0,2026-07-17,https://nsearchives.nseindia.com/corporate/xbrl/SHP_1695473_17072026053831_WEB.xml,Construction,Nifty Smallcap 250,
KARURVYSYA,2026-06-30,2.07,3.85,0.08,769348.0,2026-07-21,https://nsearchives.nseindia.com/corporate/xbrl/SHP_1697854_21072026122222_WEB.xml,Financial Services,Nifty Smallcap 250,
KAYNES,2026-06-30,53.46,0.0,0.0,0.0,2026-08-26,https://nsearchives.nseindia.com/corporate/xbrl/SHP_1717996_26082026025347_WEB.xml,Capital Goods,Nifty Smallcap 250,
KEC,2026-06-30,50.1,0.0,0.0,0.0,2026-07-17,https://nsearchives.nseindia.com/corporate/xbrl/SHP_1694930_17072026125808_WEB.xml,Construction,Nifty Smallcap 250,
KFINTECH,2026-06-30,22.82,0.0,0.0,0.0,2026-07-21,https://nsearchives.nseindia.com/corporate/xbrl/SHP_1698390_21072026045844_WEB.xml,Financial Services,Nifty Smallcap 250,
KIRLOSBROS,2026-06-30,65.95,0.0,0.0,0.0,2026-07-17,https://nsearchives.nseindia.com/corporate/xbrl/SHP_1695457_17072026053416_WEB.xml,Capital Goods,Nifty Smallcap 250,
KIRLOSENG,2026-06-30,41.07,0.0,0.0,0.0,2026-07-21,https://nsearchives.nseindia.com/corporate/xbrl/SHP_1698188_21072026033833_WEB.xml,Capital Goods,Nifty Smallcap 250,
KIMS,2026-06-19,32.5,10.26,3.33,14000000.0,2026-08-04,https://nsearchives.nseindia.com/corporate/xbrl/SHP_1708060_04082026112223_WEB.xml,Healthcare,Nifty Smallcap 250,
LTFOODS,2026-06-30,51.01,0.0,0.0,0.0,2026-07-20,https://nsearchives.nseindia.com/corporate/xbrl/SHP_1697099_20072026052519_WEB.xml,Fast Moving Consumer Goods,Nifty Smallcap 250,
COFORGE,2026-06-30,0.0,0.0,0.0,0.0,2026-07-20,https://nsearchives.nseindia.com/corporate/xbrl/SHP_1697638_20072026102839_WEB.xml,Information Technology,Nifty Midcap 150,
FEDERALBNK,2026-06-30,0.0,0.0,0.0,0.0,2026-07-21,https://nsearchives.nseindia.com/corporate/xbrl/SHP_1698856_21072026075633_WEB.xml,Financial Services,Nifty Midcap 150,
IDFCFIRSTB,2026-06-30,0.0,0.0,0.0,0.0,2026-07-18,https://nsearchives.nseindia.com/corporate/xbrl/SHP_1696139_18072026041535_WEB.xml,Financial Services,Nifty Midcap 150,
PAYTM,2026-06-30,0.0,0.0,0.0,0.0,2026-07-15,https://nsearchives.nseindia.com/corporate/xbrl/SHP_1693686_15072026082404_WEB.xml,Financial Services,Nifty Midcap 150,
POLICYBZR,2026-06-30,0.0,0.0,0.0,0.0,2026-07-20,https://nsearchives.nseindia.com/corporate/xbrl/SHP_1696865_20072026040936_WEB.xml,Financial Services,Nifty Midcap 150,
SWIGGY,2026-06-30,0.0,0.0,0.0,0.0,2026-07-18,https://nsearchives.nseindia.com/corporate/xbrl/SHP_1695908_18072026113751_WEB.xml,Consumer Services,Nifty Midcap 150,
YESBANK,2026-06-30,0.0,0.0,0.0,0.0,2026-07-21,https://nsearchives.nseindia.com/corporate/xbrl/SHP_1698430_21072026051201_WEB.xml,Financial Services,Nifty Midcap 150,
FIRSTCRY,2026-06-30,0.0,0.0,0.0,0.0,2026-07-16,https://nsearchives.nseindia.com/corporate/xbrl/SHP_1694104_16072026032035_WEB.xml,Consumer Services,Nifty Smallcap 250,
CARTRADE,2026-06-30,0.0,0.0,0.0,0.0,2026-07-17,https://nsearchives.nseindia.com/corporate/xbrl/SHP_1695609_17072026063133_WEB.xml,Consumer Services,Nifty Smallcap 250,
CUB,2026-06-30,0.0,0.0,0.0,0.0,2026-07-17,https://nsearchives.nseindia.com/corporate/xbrl/SHP_1695604_17072026062538_WEB.xml,Financial Services,Nifty Smallcap 250,
CAMS,2026-06-30,0.0,0.0,0.0,0.0,2026-07-17,https://nsearchives.nseindia.com/corporate/xbrl/SHP_1695034_17072026023741_WEB.xml,Financial Services,Nifty Smallcap 250,
CROMPTON,2026-06-30,0.0,0.0,0.0,0.0,2026-07-20,https://nsearchives.nseindia.com/corporate/xbrl/SHP_1696472_20072026115649_WEB.xml,Consumer Durables,Nifty Smallcap 250,
DELHIVERY,2026-06-30,0.0,0.0,0.0,0.0,2026-07-20,https://nsearchives.nseindia.com/corporate/xbrl/SHP_1696616_20072026014531_WEB.xml,Services,Nifty Smallcap 250,
IEX,2026-06-30,0.0,0.0,0.0,0.0,2026-07-20,https://nsearchives.nseindia.com/corporate/xbrl/SHP_1697238_20072026060542_WEB.xml,Financial Services,Nifty Smallcap 250,
LEMONTREE,2026-06-30,22.32,0.0,0.0,0.0,2026-07-08,https://nsearchives.nseindia.com/corporate/xbrl/SHP_1689097_08072026113706_WEB.xml,Consumer Services,Nifty Smallcap 250,
MMTC,2026-06-30,89.93,0.0,0.0,0.0,2026-07-06,https://nsearchives.nseindia.com/corporate/xbrl/SHP_1688438_06072026041925_WEB.xml,Services,Nifty Smallcap 250,
MTARTECH,2026-06-30,29.36,3.52,1.03,318000.0,2026-07-17,https://nsearchives.nseindia.com/corporate/xbrl/SHP_1695497_17072026054400_WEB.xml,Capital Goods,Nifty Smallcap 250,
MGL,2026-06-30,32.5,0.0,0.0,0.0,2026-07-20,https://nsearchives.nseindia.com/corporate/xbrl/SHP_1696586_20072026012118_WEB.xml,Oil Gas & Consumable Fuels,Nifty Smallcap 250,
MANAPPURAM,2026-06-30,41.66,0.0,0.0,0.0,2026-07-21,https://nsearchives.nseindia.com/corporate/xbrl/SHP_1698515_21072026054206_WEB.xml,Financial Services,Nifty Smallcap 250,
MRPL,2026-06-30,88.58,0.0,0.0,0.0,2026-07-07,https://nsearchives.nseindia.com/corporate/xbrl/SHP_1688822_07072026035515_WEB.xml,Oil Gas & Consumable Fuels,Nifty Smallcap 250,
MINDACORP,2026-06-30,64.84,0.0,0.0,0.0,2026-07-14,https://nsearchives.nseindia.com/corporate/xbrl/SHP_1692006_14072026010427_WEB.xml,Automobile and Auto Components,Nifty Smallcap 250,
MSUMI,2026-06-30,61.73,0.0,0.0,0.0,2026-07-17,https://nsearchives.nseindia.com/corporate/xbrl/SHP_1695502_17072026054530_WEB.xml,Automobile and Auto Components,Nifty Smallcap 250,
NATCOPHARM,2026-06-30,49.42,0.0,0.0,0.0,2026-07-09,https://nsearchives.nseindia.com/corporate/xbrl/SHP_1689944_09072026054425_WEB.xml,Healthcare,Nifty Smallcap 250,
NBCC,2026-06-30,61.75,0.0,0.0,0.0,2026-07-15,https://nsearchives.nseindia.com/corporate/xbrl/SHP_1693071_15072026030307_WEB.xml,Construction,Nifty Smallcap 250,
NCC,2026-06-30,23.08,3.8,0.88,5500000.0,2026-07-13,https://nsearchives.nseindia.com/corporate/xbrl/SHP_1691163_13072026115115_WEB.xml,Construction,Nifty Smallcap 250,
NSLNISP,2026-06-30,60.79,0.0,0.0,0.0,2026-07-20,https://nsearchives.nseindia.com/corporate/xbrl/SHP_1696666_20072026023855_WEB.xml,Metals & Mining,Nifty Smallcap 250,
NAVA,2026-06-30,50.03,0.0,0.0,0.0,2026-07-15,https://nsearchives.nseindia.com/corporate/xbrl/SHP_1692929_15072026125047_WEB.xml,Power,Nifty Smallcap 250,
NAVINFLUOR,2026-06-30,27.08,0.0,0.0,0.0,2026-07-20,https://nsearchives.nseindia.com/corporate/xbrl/SHP_1696963_20072026044651_WEB.xml,Chemicals,Nifty Smallcap 250,
NETWEB,2026-06-30,66.98,0.0,0.0,0.0,2026-07-17,https://nsearchives.nseindia.com/corporate/xbrl/SHP_1695197_17072026040223_WEB.xml,Information Technology,Nifty Smallcap 250,
NEULANDLAB,2026-06-30,32.62,2.29,0.75,96000.0,2026-07-20,https://nsearchives.nseindia.com/corporate/xbrl/SHP_1696377_20072026085555_WEB.xml,Healthcare,Nifty Smallcap 250,
NUVAMA,2026-06-30,53.98,62.8,33.9,61885880.0,2026-07-17,https://nsearchives.nseindia.com/corporate/xbrl/SHP_1695272_17072026042928_WEB.xml,Financial Services,Nifty Smallcap 250,
NUVOCO,2026-06-30,72.02,0.0,0.0,0.0,2026-07-16,https://nsearchives.nseindia.com/corporate/xbrl/SHP_1694596_16072026071010_WEB.xml,Construction Materials,Nifty Smallcap 250,
OLAELEC,2026-06-30,32.97,0.0,0.0,0.0,2026-07-21,https://nsearchives.nseindia.com/corporate/xbrl/SHP_1698979_21072026110945_WEB.xml,Automobile and Auto Components,Nifty Smallcap 250,
OLECTRA,2026-06-30,50.02,0.0,0.0,0.0,2026-07-17,https://nsearchives.nseindia.com/corporate/xbrl/SHP_1695518_17072026055130_WEB.xml,Automobile and Auto Components,Nifty Smallcap 250,
ONESOURCE,2026-06-30,30.48,37.23,11.35,13008959.0,2026-07-21,https://nsearchives.nseindia.com/corporate/xbrl/SHP_1698877_21072026080714_WEB.xml,Healthcare,Nifty Smallcap 250,
PCBL,2026-06-30,53.38,0.0,0.0,0.0,2026-07-21,https://nsearchives.nseindia.com/corporate/xbrl/SHP_1698467_21072026052512_WEB.xml,Chemicals,Nifty Smallcap 250,
PGEL,2026-06-30,43.37,0.0,0.0,0.0,2026-07-09,https://nsearchives.nseindia.com/corporate/xbrl/SHP_1689737_09072026034208_WEB.xml,Consumer Durables,Nifty Smallcap 250,
PNBHOUSING,2026-06-30,28.03,0.0,0.0,0.0,2026-07-20,https://nsearchives.nseindia.com/corporate/xbrl/SHP_1697182_20072026055035_WEB.xml,Financial Services,Nifty Smallcap 250,
PTCIL,2026-06-30,59.72,0.07,0.04,6000.0,2026-07-21,https://nsearchives.nseindia.com/corporate/xbrl/SHP_1697764_21072026111837_WEB.xml,Capital Goods,Nifty Smallcap 250,
PVRINOX,2026-06-30,27.53,10.89,3.0,2944444.0,2026-07-21,https://nsearchives.nseindia.com/corporate/xbrl/SHP_1697895_21072026124538_WEB.xml,Media Entertainment & Publication,Nifty Smallcap 250,
PARADEEP,2026-06-30,57.86,15.33,8.87,92077050.0,2026-07-15,https://nsearchives.nseindia.com/corporate/xbrl/SHP_1693362_15072026051447_WEB.xml,Chemicals,Nifty Smallcap 250,
PWL,2026-06-30,71.27,0.0,0.0,0.0,2026-07-22,https://nsearchives.nseindia.com/corporate/xbrl/SHP_1699042_22072026113705_WEB.xml,Consumer Services,Nifty Smallcap 250,
PINELABS,2026-06-30,0.0,0.0,0.0,0.0,2026-07-21,https://nsearchives.nseindia.com/corporate/xbrl/SHP_1698121_21072026030805_WEB.xml,Financial Services,Nifty Smallcap 250,
PPLPHARMA,2026-06-30,34.8,0.0,0.0,0.0,2026-07-20,https://nsearchives.nseindia.com/corporate/xbrl/SHP_1697240_20072026060616_WEB.xml,Healthcare,Nifty Smallcap 250,
POLYMED,2026-06-30,62.42,0.0,0.0,0.0,2026-07-21,https://nsearchives.nseindia.com/corporate/xbrl/SHP_1698448_21072026051900_WEB.xml,Healthcare,Nifty Smallcap 250,
POONAWALLA,2026-06-30,59.02,0.0,0.0,0.0,2026-07-10,https://nsearchives.nseindia.com/corporate/xbrl/SHP_1690715_10072026070113_WEB.xml,Financial Services,Nifty Smallcap 250,
PFOCUS,2026-06-30,60.73,0.0,0.0,0.0,2026-07-17,https://nsearchives.nseindia.com/corporate/xbrl/SHP_1695128_17072026032906_WEB.xml,Media Entertainment & Publication,Nifty Smallcap 250,
PRIVISCL,2026-06-30,60.6,0.0,0.0,0.0,2026-07-15,https://nsearchives.nseindia.com/corporate/xbrl/SHP_1693032_15072026023709_WEB.xml,Chemicals,Nifty Smallcap 250,
RRKABEL,2026-06-30,61.38,0.0,0.0,0.0,2026-07-19,https://nsearchives.nseindia.com/corporate/xbrl/SHP_1696368_19072026094407_WEB.xml,Capital Goods,Nifty Smallcap 250,
RBLBANK,2026-06-30,60.0,0.0,0.0,0.0,2026-07-08,https://nsearchives.nseindia.com/corporate/xbrl/SHP_1689496_08072026091022_WEB.xml,Financial Services,Nifty Smallcap 250,
RHIM,2026-06-30,56.07,0.0,0.0,0.0,2026-07-16,https://nsearchives.nseindia.com/corporate/xbrl/SHP_1694094_16072026031806_WEB.xml,Capital Goods,Nifty Smallcap 250,
RITES,2026-06-30,72.2,0.0,0.0,0.0,2026-07-17,https://nsearchives.nseindia.com/corporate/xbrl/SHP_1695370_17072026050400_WEB.xml,Construction,Nifty Smallcap 250,
RAILTEL,2026-06-30,72.84,0.0,0.0,0.0,2026-07-13,https://nsearchives.nseindia.com/corporate/xbrl/SHP_1691522_13072026045935_WEB.xml,Telecommunication,Nifty Smallcap 250,
RAINBOW,2026-06-30,49.84,0.0,0.0,0.0,2026-07-14,https://nsearchives.nseindia.com/corporate/xbrl/SHP_1692259_14072026041239_WEB.xml,Healthcare,Nifty Smallcap 250,
RKFORGE,2026-09-19,39.82,16.96,6.75,12300000.0,2026-09-28,https://nsearchives.nseindia.com/corporate/xbrl/SHP_1729995_28092026070620_WEB.xml,Automobile and Auto Components,Nifty Smallcap 250,
REDINGTON,2026-06-30,0.0,0.0,0.0,0.0,2026-07-10,https://nsearchives.nseindia.com/corporate/xbrl/SHP_1690559_10072026052427_WEB.xml,Services,Nifty Smallcap 250,
RPOWER,2026-06-30,24.98,0.0,0.0,0.0,2026-07-17,https://nsearchives.nseindia.com/corporate/xbrl/SHP_1695680_17072026071430_WEB.xml,Power,Nifty Smallcap 250,
RUBICON,2026-06-30,59.76,0.0,0.0,0.0,2026-07-18,https://nsearchives.nseindia.com/corporate/xbrl/SHP_1696024_18072026021120_WEB.xml,Healthcare,Nifty Smallcap 250,
SJVN,2026-06-30,81.85,0.0,0.0,0.0,2026-07-09,https://nsearchives.nseindia.com/corporate/xbrl/SHP_1689731_09072026033620_WEB.xml,Power,Nifty Smallcap 250,
SHRIPISTON,2026-08-20,41.55,0.0,0.0,0.0,2026-08-21,https://nsearchives.nseindia.com/corporate/xbrl/SHP_1716732_21082026015356_WEB.xml,Automobile and Auto Components,Nifty Smallcap 250,
SAGILITY,2026-06-30,50.95,0.0,0.0,0.0,2026-07-17,https://nsearchives.nseindia.com/corporate/xbrl/SHP_1694901_17072026122835_WEB.xml,Information Technology,Nifty Smallcap 250,
SAILIFE,2026-06-30,34.53,0.0,0.0,0.0,2026-07-20,https://nsearchives.nseindia.com/corporate/xbrl/SHP_1697026_20072026050427_WEB.xml,Healthcare,Nifty Smallcap 250,
SAMMAANCAP,2026-06-30,28.34,0.0,0.0,0.0,2026-07-20,https://nsearchives.nseindia.com/corporate/xbrl/SHP_1697387_20072026065045_WEB.xml,Financial Services,Nifty Smallcap 250,
SANSERA,2026-06-30,29.21,0.0,0.0,0.0,2026-07-10,https://nsearchives.nseindia.com/corporate/xbrl/SHP_1690792_10072026080854_WEB.xml,Automobile and Auto Components,Nifty Smallcap 250,
SARDAEN,2026-06-30,73.16,0.0,0.0,0.0,2026-07-07,https://nsearchives.nseindia.com/corporate/xbrl/SHP_1688676_07072026115211_WEB.xml,Metals & Mining,Nifty Smallcap 250,
SCHNEIDER,2026-06-30,75.0,0.0,0.0,0.0,2026-07-17,https://nsearchives.nseindia.com/corporate/xbrl/SHP_1695134_17072026033358_WEB.xml,Capital Goods,Nifty Smallcap 250,
SCI,2026-06-30,63.75,0.0,0.0,0.0,2026-07-17,https://nsearchives.nseindia.com/corporate/xbrl/SHP_1695533_17072026055642_WEB.xml,Services,Nifty Smallcap 250,
SHYAMMETL,2026-06-30,74.59,0.0,0.0,0.0,2026-07-09,https://nsearchives.nseindia.com/corporate/xbrl/SHP_1689561_09072026120332_WEB.xml,Capital Goods,Nifty Smallcap 250,
SIGNATURE,2026-06-30,69.54,0.0,0.0,0.0,2026-07-21,https://nsearchives.nseindia.com/corporate/xbrl/SHP_1698663_21072026063325_WEB.xml,Realty,Nifty Smallcap 250,
SOBHA,2026-06-30,52.88,0.0,0.0,0.0,2026-07-10,https://nsearchives.nseindia.com/corporate/xbrl/SHP_1690613_10072026055554_WEB.xml,Realty,Nifty Smallcap 250,
SONACOMS,2026-06-30,28.01,0.0,0.0,0.0,2026-08-07,https://nsearchives.nseindia.com/corporate/xbrl/SHP_1704131_29072026052053_WEB.xml,Automobile and Auto Components,Nifty Smallcap 250,
STARHEALTH,2026-06-30,58.01,0.0,0.0,0.0,2026-08-25,https://nsearchives.nseindia.com/corporate/xbrl/SHP_1703026_28072026041906_WEB.xml,Financial Services,Nifty Smallcap 250,
STLTECH,2026-06-30,44.51,0.0,0.0,0.0,2026-07-15,https://nsearchives.nseindia.com/corporate/xbrl/SHP_1692793_15072026105956_WEB.xml,Telecommunication,Nifty Smallcap 250,
SUMICHEM,2026-06-30,75.0,0.0,0.0,0.0,2026-07-10,https://nsearchives.nseindia.com/corporate/xbrl/SHP_1690385_10072026033931_WEB.xml,Chemicals,Nifty Smallcap 250,
SUNTV,2026-06-30,75.0,0.0,0.0,0.0,2026-07-16,https://nsearchives.nseindia.com/corporate/xbrl/SHP_1694348_16072026050607_WEB.xml,Media Entertainment & Publication,Nifty Smallcap 250,
SWANCORP,2026-06-30,53.96,39.55,21.34,66891000.0,2026-07-15,https://nsearchives.nseindia.com/corporate/xbrl/SHP_1693250_15072026042636_WEB.xml,Chemicals,Nifty Smallcap 250,
SYNGENE,2026-06-30,52.59,0.0,0.0,0.0,2026-07-17,https://nsearchives.nseindia.com/corporate/xbrl/SHP_1695662_17072026070132_WEB.xml,Healthcare,Nifty Smallcap 250,
SYRMA,2026-06-30,42.28,0.0,0.0,0.0,2026-07-16,https://nsearchives.nseindia.com/corporate/xbrl/SHP_1694703_16072026102221_WEB.xml,Capital Goods,Nifty Smallcap 250,
TBOTEK,2026-06-30,44.41,0.0,0.0,0.0,2026-07-21,https://nsearchives.nseindia.com/corporate/xbrl/SHP_1698569_21072026055730_WEB.xml,Consumer Services,Nifty Smallcap 250,
TDPOWERSYS,2026-06-30,26.87,0.0,0.0,0.0,2026-07-10,https://nsearchives.nseindia.com/corporate/xbrl/SHP_1690183_10072026115416_WEB.xml,Capital Goods,Nifty Smallcap 250,
TATACHEM,2026-06-30,37.98,0.0,0.0,0.0,2026-07-20,https://nsearchives.nseindia.com/corporate/xbrl/SHP_1697575_20072026084240_WEB.xml,Chemicals,Nifty Smallcap 250,
TATAELXSI,2026-06-30,43.9,0.0,0.0,0.0,2026-07-20,https://nsearchives.nseindia.com/corporate/xbrl/SHP_1696752_20072026032257_WEB.xml,Information Technology,Nifty Smallcap 250,
TATATECH,2026-06-30,55.17,0.0,0.0,0.0,2026-07-15,https://nsearchives.nseindia.com/corporate/xbrl/SHP_1693443_15072026054836_WEB.xml,Information Technology,Nifty Smallcap 250,
TTML,2026-06-30,74.36,0.0,0.0,0.0,2026-07-21,https://nsearchives.nseindia.com/corporate/xbrl/SHP_1698824_21072026073836_WEB.xml,Telecommunication,Nifty Smallcap 250,
TECHNOE,2026-06-30,56.92,0.0,0.0,0.0,2026-07-17,https://nsearchives.nseindia.com/corporate/xbrl/SHP_1695228_17072026041220_WEB.xml,Construction,Nifty Smallcap 250,
TEGA,2026-06-30,67.5,0.0,0.0,0.0,2026-07-20,https://nsearchives.nseindia.com/corporate/xbrl/SHP_1696596_20072026013003_WEB.xml,Capital Goods,Nifty Smallcap 250,
TEJASNET,2026-06-30,53.33,0.0,0.0,0.0,2026-07-21,https://nsearchives.nseindia.com/corporate/xbrl/SHP_1698225_21072026035203_WEB.xml,Telecommunication,Nifty Smallcap 250,
TENNIND,2026-06-30,74.79,0.0,0.0,0.0,2026-07-20,https://nsearchives.nseindia.com/corporate/xbrl/SHP_1697324_20072026062908_WEB.xml,Automobile and Auto Components,Nifty Smallcap 250,
THANGAMAYL,2026-06-30,61.61,0.0,0.0,0.0,2026-09-11,https://nsearchives.nseindia.com/corporate/xbrl/SHP_1722606_08092026060713_WEB.xml,Consumer Durables,Nifty Smallcap 250,
NIACL,2026-06-30,85.44,0.0,0.0,0.0,2026-07-08,https://nsearchives.nseindia.com/corporate/xbrl/SHP_1689154_08072026010320_WEB.xml,Financial Services,Nifty Smallcap 250,
RAMCOCEM,2026-06-30,42.56,3.43,1.46,3450864.0,2026-07-13,https://nsearchives.nseindia.com/corporate/xbrl/SHP_1691186_13072026121206_WEB.xml,Construction Materials,Nifty Smallcap 250,
TIMKEN,2026-06-30,51.05,0.0,0.0,0.0,2026-07-15,https://nsearchives.nseindia.com/corporate/xbrl/SHP_1692870_15072026120803_WEB.xml,Capital Goods,Nifty Smallcap 250,
TITAGARH,2026-06-30,40.46,0.06,0.02,32000.0,2026-07-09,https://nsearchives.nseindia.com/corporate/xbrl/SHP_1689938_09072026053948_WEB.xml,Capital Goods,Nifty Smallcap 250,
TARIL,2026-06-30,64.36,21.84,14.06,42200000.0,2026-08-25,https://nsearchives.nseindia.com/corporate/xbrl/SHP_1701782_27072026122910_WEB.xml,Capital Goods,Nifty Smallcap 250,
TRIDENT,2026-06-30,73.68,0.0,0.0,0.0,2026-07-17,https://nsearchives.nseindia.com/corporate/xbrl/SHP_1695085_17072026030327_WEB.xml,Textiles,Nifty Smallcap 250,
TRITURBINE,2026-06-30,55.84,0.0,0.0,0.0,2026-07-16,https://nsearchives.nseindia.com/corporate/xbrl/SHP_1694284_16072026043945_WEB.xml,Capital Goods,Nifty Smallcap 250,
UCOBANK,2026-06-30,90.95,0.0,0.0,0.0,2026-07-08,https://nsearchives.nseindia.com/corporate/xbrl/SHP_1689246_08072026033547_WEB.xml,Financial Services,Nifty Smallcap 250,
UTIAMC,2026-06-30,0.0,0.0,0.0,0.0,2026-07-17,https://nsearchives.nseindia.com/corporate/xbrl/SHP_1695359_17072026050138_WEB.xml,Financial Services,Nifty Smallcap 250,
URBANCO,2026-06-30,19.02,0.0,0.0,0.0,2026-07-21,https://nsearchives.nseindia.com/corporate/xbrl/SHP_1698101_21072026030054_WEB.xml,Consumer Services,Nifty Smallcap 250,
USHAMART,2026-06-30,40.28,0.0,0.0,0.0,2026-07-20,https://nsearchives.nseindia.com/corporate/xbrl/SHP_1696991_20072026045339_WEB.xml,Capital Goods,Nifty Smallcap 250,
VTL,2026-06-30,65.08,0.0,0.0,0.0,2026-07-09,https://nsearchives.nseindia.com/corporate/xbrl/SHP_1689579_09072026122926_WEB.xml,Textiles,Nifty Smallcap 250,
VISL,2026-06-30,56.38,0.0,0.0,0.0,2026-07-14,https://nsearchives.nseindia.com/corporate/xbrl/SHP_1692523_14072026061806_WEB.xml,Metals & Mining,Nifty Smallcap 250,
VOGL,2026-06-30,56.38,0.0,0.0,0.0,2026-07-09,https://nsearchives.nseindia.com/corporate/xbrl/SHP_1689626_09072026014636_WEB.xml,Oil Gas & Consumable Fuels,Nifty Smallcap 250,
VEDPOWER,2026-06-30,56.38,0.0,0.0,0.0,2026-07-18,https://nsearchives.nseindia.com/corporate/xbrl/SHP_1696163_18072026043611_WEB.xml,Power,Nifty Smallcap 250,
VIJAYA,2026-06-30,52.51,1.96,1.03,1060000.0,2026-09-08,https://nsearchives.nseindia.com/corporate/xbrl/SHP_1721991_07092026123813_WEB.xml,Healthcare,Nifty Smallcap 250,
WELCORP,2026-06-30,49.73,0.0,0.0,0.0,2026-07-20,https://nsearchives.nseindia.com/corporate/xbrl/SHP_1697519_20072026075538_WEB.xml,Capital Goods,Nifty Smallcap 250,
WELSPUNLIV,2026-06-30,66.36,0.0,0.0,0.0,2026-07-21,https://nsearchives.nseindia.com/corporate/xbrl/SHP_1698562_21072026055630_WEB.xml,Textiles,Nifty Smallcap 250,
WHIRLPOOL,2026-06-30,39.76,0.0,0.0,0.0,2026-07-21,https://nsearchives.nseindia.com/corporate/xbrl/SHP_1698800_21072026072232_WEB.xml,Consumer Durables,Nifty Smallcap 250,
WOCKPHARMA,2026-06-30,49.08,14.68,7.21,11709045.0,2026-08-07,https://nsearchives.nseindia.com/corporate/xbrl/SHP_1704130_29072026052023_WEB.xml,Healthcare,Nifty Smallcap 250,
ZFCVINDIA,2026-06-30,60.0,0.0,0.0,0.0,2026-07-20,https://nsearchives.nseindia.com/corporate/xbrl/SHP_1696547_20072026124750_WEB.xml,Automobile and Auto Components,Nifty Smallcap 250,
ZEEL,2026-06-30,3.99,5.38,0.21,2060000.0,2026-07-20,https://nsearchives.nseindia.com/corporate/xbrl/SHP_1697002_20072026045753_WEB.xml,Media Entertainment & Publication,Nifty Smallcap 250,
ZENTEC,2026-06-30,48.51,0.0,0.0,0.0,2026-07-16,https://nsearchives.nseindia.com/corporate/xbrl/SHP_1693944_16072026011047_WEB.xml,Capital Goods,Nifty Smallcap 250,
ZENSARTECH,2026-06-30,48.99,0.0,0.0,0.0,2026-07-16,https://nsearchives.nseindia.com/corporate/xbrl/SHP_1693883_16072026123632_WEB.xml,Information Technology,Nifty Smallcap 250,
ZYDUSWELL,2026-06-30,69.64,0.0,0.0,0.0,2026-07-16,https://nsearchives.nseindia.com/corporate/xbrl/SHP_1694446_16072026055738_WEB.xml,Fast Moving Consumer Goods,Nifty Smallcap 250,
ECLERX,2026-06-30,54.52,0.0,0.0,0.0,2026-07-17,https://nsearchives.nseindia.com/corporate/xbrl/SHP_1695423_17072026052140_WEB.xml,Services,Nifty Smallcap 250,
