built_on,symbol,as_of,financial,balance_sheet,note,DD Historical (1 year),DD EWMA,"DD GARCH(1,1)-t"
2026-10-02,RELIANCE,2026-10-01,False,2026-03-31,,11.402707006836696,11.74470339851216,11.254166277597989
2026-10-02,HDFCBANK,2026-10-01,True,2026-03-31,"Bank, NBFC or insurer: Merton, Altman and leverage ratios are not meaningful when deposits and policy liabilities are the business; see the manual panel.",,,
2026-10-02,TCS,2026-10-01,False,2026-03-31,,17.0344824846023,18.816890643021395,14.478209355147994
2026-10-02,ASIANPAINT,2026-10-01,False,2026-03-31,,20.97270081299346,26.55670135420885,20.727262887030513
2026-10-02,BRITANNIA,2026-10-01,False,2026-03-31,,24.316454032573215,28.692378380315127,22.71016115826637
2026-10-02,JPPOWER,2026-10-01,False,2026-03-31,,4.227083051346756,6.691475235292167,
2026-10-02,COHANCE,2026-10-01,False,2026-03-31,,9.461741438250252,14.268172372958457,11.075522137833463
2026-10-02,AFCONS,2026-10-01,False,2026-03-31,,5.52371128945885,5.664198545873762,5.482466616918888
2026-10-02,MPHASIS,2026-10-01,False,2026-03-31,,11.067841149638443,10.50632136409959,10.305116090246077
2026-10-02,SWANCORP,2026-10-01,False,2026-03-31,,6.659544185738118,8.090345410730912,
2026-10-02,ASHOKLEY,2026-10-01,False,2026-03-31,,4.576572987646994,5.818143844944303,4.815197555539905
