agency,study,period,pool,rating_category,one_year_default_rate_pct,source_url,page,notes
CRISIL,Crisil Ratings Annual Default and Ratings Transition Study FY2025,FY2015-FY2025,"Corporate issuers, long-term ratings, monthly static pools (Table 1)",AAA,0.00,https://www.crisil.com/content/dam/crisil/our-analysis/publications/default-study/crisil-ratings-annual-default-and-ratings-transition-study-fy-2025.pdf,10,
CRISIL,Crisil Ratings Annual Default and Ratings Transition Study FY2025,FY2015-FY2025,"Corporate issuers, long-term ratings, monthly static pools (Table 1)",AA,0.05,https://www.crisil.com/content/dam/crisil/our-analysis/publications/default-study/crisil-ratings-annual-default-and-ratings-transition-study-fy-2025.pdf,10,0.02% excluding one operational (one-day delay) default in FY2024 (page 11)
CRISIL,Crisil Ratings Annual Default and Ratings Transition Study FY2025,FY2015-FY2025,"Corporate issuers, long-term ratings, monthly static pools (Table 1)",A,0.07,https://www.crisil.com/content/dam/crisil/our-analysis/publications/default-study/crisil-ratings-annual-default-and-ratings-transition-study-fy-2025.pdf,10,
CRISIL,Crisil Ratings Annual Default and Ratings Transition Study FY2025,FY2015-FY2025,"Corporate issuers, long-term ratings, monthly static pools (Table 1)",BBB,0.46,https://www.crisil.com/content/dam/crisil/our-analysis/publications/default-study/crisil-ratings-annual-default-and-ratings-transition-study-fy-2025.pdf,10,
CRISIL,Crisil Ratings Annual Default and Ratings Transition Study FY2025,FY2015-FY2025,"Corporate issuers, long-term ratings, monthly static pools (Table 1)",BB,2.86,https://www.crisil.com/content/dam/crisil/our-analysis/publications/default-study/crisil-ratings-annual-default-and-ratings-transition-study-fy-2025.pdf,10,
CRISIL,Crisil Ratings Annual Default and Ratings Transition Study FY2025,FY2015-FY2025,"Corporate issuers, long-term ratings, monthly static pools (Table 1)",B,8.40,https://www.crisil.com/content/dam/crisil/our-analysis/publications/default-study/crisil-ratings-annual-default-and-ratings-transition-study-fy-2025.pdf,10,
CRISIL,Crisil Ratings Annual Default and Ratings Transition Study FY2025,FY2015-FY2025,"Corporate issuers, long-term ratings, monthly static pools (Table 1)",C,24.98,https://www.crisil.com/content/dam/crisil/our-analysis/publications/default-study/crisil-ratings-annual-default-and-ratings-transition-study-fy-2025.pdf,10,
ICRA,ICRA FY2025 Rating Transition and Default Study,10-year average to FY2025,"All ratings excluding structured finance, average for past 10 years (CDR-1)",AAA,0.1,https://www.icra.in/Rating/GetRatingPerformanceFileViewer/60~FY2025 Rating Transition and Default Study.pdf,36,Printed to one decimal place
ICRA,ICRA FY2025 Rating Transition and Default Study,10-year average to FY2025,"All ratings excluding structured finance, average for past 10 years (CDR-1)",AA,0.1,https://www.icra.in/Rating/GetRatingPerformanceFileViewer/60~FY2025 Rating Transition and Default Study.pdf,36,Printed to one decimal place
ICRA,ICRA FY2025 Rating Transition and Default Study,10-year average to FY2025,"All ratings excluding structured finance, average for past 10 years (CDR-1)",A,0.2,https://www.icra.in/Rating/GetRatingPerformanceFileViewer/60~FY2025 Rating Transition and Default Study.pdf,36,Printed to one decimal place
ICRA,ICRA FY2025 Rating Transition and Default Study,10-year average to FY2025,"All ratings excluding structured finance, average for past 10 years (CDR-1)",BBB,1.0,https://www.icra.in/Rating/GetRatingPerformanceFileViewer/60~FY2025 Rating Transition and Default Study.pdf,36,Printed to one decimal place
ICRA,ICRA FY2025 Rating Transition and Default Study,10-year average to FY2025,"All ratings excluding structured finance, average for past 10 years (CDR-1)",BB,3.6,https://www.icra.in/Rating/GetRatingPerformanceFileViewer/60~FY2025 Rating Transition and Default Study.pdf,36,Printed to one decimal place
ICRA,ICRA FY2025 Rating Transition and Default Study,10-year average to FY2025,"All ratings excluding structured finance, average for past 10 years (CDR-1)",B,6.0,https://www.icra.in/Rating/GetRatingPerformanceFileViewer/60~FY2025 Rating Transition and Default Study.pdf,36,Printed to one decimal place
ICRA,ICRA FY2025 Rating Transition and Default Study,10-year average to FY2025,"All ratings excluding structured finance, average for past 10 years (CDR-1)",C,24.9,https://www.icra.in/Rating/GetRatingPerformanceFileViewer/60~FY2025 Rating Transition and Default Study.pdf,36,Printed to one decimal place
