as_of,days,es_hist,es_garch,ewma_vol_ratio,data_quality,adv60,days_to_liquidate,band,lower_circuit_days,longest_run,amihud,credit_note,downside_beta,stress_loss,warning,group,case,ticker,months_before,prices,realised_loss,realised_trough,available_market,flag_market,available_liquidity,flag_liquidity,available_credit,flag_credit,available_events,flag_events,available_stress,flag_stress,grade_model,grade_status,grade_es,grade_low,grade_high,grade_grade,note
2019-03-05,500,0.0703214900539676,0.1103883068701462,1.3699882850860492,100.0,58977718.18333333,0.0036193182148330973,,0.0,0.0,0.2024772315676932,bank / NBFC: not modelled,1.1510445473804876,0.2368272887456365,True,case,Yes Bank,YESBANK.NS,12,yfinance,-0.9310527027386192,2020-03-06,True,True,True,False,False,False,False,False,True,False,EWMA (RiskMetrics),recommended,0.11059058589486187,0.0891171696526349,0.1348760544117569,C,
2019-09-05,500,0.1047848634669077,0.1209918644329733,1.1209366287585383,100.0,149933122.38333333,0.0053830833324103365,,0.0,0.0,0.34406928461367975,bank / NBFC: not modelled,1.661924967016835,0.3372481298193902,True,case,Yes Bank,YESBANK.NS,6,yfinance,-0.739305901216522,2020-03-06,True,True,True,False,False,False,False,False,True,True,EWMA (RiskMetrics),recommended,0.1209918644329733,0.0971636648839024,0.14923715755271313,D,
2019-12-05,500,0.11805124302369263,0.1251564973120957,1.0140523957595882,100.0,294782126.76666665,0.002731349446728867,,0.0,0.0,0.31635830669557213,bank / NBFC: not modelled,2.0219386154840624,0.4092634405952214,True,case,Yes Bank,YESBANK.NS,3,yfinance,-0.7399355875143788,2020-03-06,True,True,True,False,False,False,False,False,True,True,Cornish-Fisher,recommended,0.19304753161625307,0.11095463392271725,0.22496606767423424,C,
2020-02-05,500,0.12424343381499561,0.11803833370030882,0.7484506601995324,100.0,215540086.15,0.006169559044726349,,0.0,0.0,0.330816281663408,bank / NBFC: not modelled,2.0806225936149794,0.42178818360008674,True,case,Yes Bank,YESBANK.NS,1,yfinance,-0.5704787161189431,2020-03-06,True,True,True,False,False,False,False,False,True,True,Cornish-Fisher,recommended,0.18813313662495612,0.1152375300852192,0.22520819831037092,C,
2019-03-05,500,0.031805572671534124,0.027076888411145073,0.843544859606147,100.0,19195451.133333333,0.0047547299548161785,,0.0,0.0,0.11321113006887788,no statements loaded,1.4956803625481967,0.3031013216543221,True,control,Yes Bank,RELIANCE.NS,12,,-0.28141503336751095,2020-03-23,True,False,True,False,False,False,False,False,True,True,,,,,,,
2019-09-05,500,0.03359253189100849,0.03626777445650685,1.1631622855619221,100.0,19292216.516666666,0.004855863578810979,,0.0,0.0,0.12464125054671742,no statements loaded,1.2631756060984003,0.2542012453453859,False,control,Yes Bank,RELIANCE.NS,6,,-0.26243117488817136,2020-03-23,True,False,True,False,False,False,False,False,True,False,,,,,,,
2019-12-05,500,0.03333481750957369,0.032115255731876485,0.8797054172065546,100.0,18870578.95,0.003836789139703149,,0.0,0.0,0.10446133439003459,no statements loaded,1.1850768845714763,0.23993807115312357,False,control,Yes Bank,RELIANCE.NS,3,,-0.4299576730360244,2020-03-23,True,False,True,False,False,False,False,False,True,False,,,,,,,
2020-02-05,500,0.03340775201555893,0.037395777451116295,0.9919230243149894,100.0,19323415.933333334,0.004011627058238905,,0.0,0.0,0.08696508641892538,no statements loaded,1.1702467934337835,0.23630325029923158,False,control,Yes Bank,RELIANCE.NS,1,,-0.38967887612035856,2020-03-23,True,False,True,False,False,False,False,False,True,False,,,,,,,
2019-03-05,500,0.03128537854196201,0.039643071138302746,1.071483387562973,100.0,2934927.1666666665,0.010480194198512174,,0.0,0.0,0.233058707794573,no statements loaded,0.42743478196143114,0.09121846994976748,False,control,Yes Bank,TCS.NS,12,,-0.14147141785011452,2020-03-19,True,False,True,False,False,False,False,False,True,False,,,,,,,
2019-09-05,500,0.03133297037558034,0.029832842482760236,0.7789712513664112,100.0,2390568.15,0.01142767118413371,,0.0,0.0,0.21359063959947117,no statements loaded,0.41046963990017565,0.0873417516959279,False,control,Yes Bank,TCS.NS,6,,-0.2374875053631813,2020-03-19,True,False,True,False,False,False,False,False,True,False,,,,,,,
2019-12-05,500,0.03183082800654503,0.03425955406039884,1.0685361484217073,100.0,3311039.0,0.008426910534577049,,0.0,0.0,0.24262869316748523,no statements loaded,0.4080659339126479,0.08583680916750845,False,control,Yes Bank,TCS.NS,3,,-0.22120925956541948,2020-03-19,True,False,True,False,False,False,False,False,True,False,,,,,,,
2020-02-05,500,0.03208455266137206,0.03212527562539672,0.928970428750737,100.0,3344919.9,0.008224753144933051,,0.0,0.0,0.19831815413876663,no statements loaded,0.39387308874194427,0.08561094056448765,False,control,Yes Bank,TCS.NS,1,,-0.23211409815647144,2020-03-19,True,False,True,False,False,False,False,False,True,False,,,,,,,
2019-03-05,500,0.0184720552309601,0.019504281775693078,0.8484463889896652,100.0,9200515.333333334,0.011165618793490928,,0.0,0.0,0.17572277110713677,no statements loaded,0.6824094469706974,0.14118723911061626,False,control,Yes Bank,HDFCBANK.NS,12,,-0.2651600391731258,2020-03-24,True,False,True,False,False,False,False,False,True,False,,,,,,,
2019-09-05,500,0.02166958855332104,0.02220315855770731,1.2736058849300589,100.0,14069303.8,0.006825657274352429,,0.0,0.0,0.11561438225054015,no statements loaded,0.7802802690400047,0.15892097809582503,False,control,Yes Bank,HDFCBANK.NS,6,,-0.3130661764395576,2020-03-24,True,False,True,False,False,False,False,False,True,False,,,,,,,
2019-12-05,500,0.021762522492414726,0.02164700349352818,0.8107666512448249,100.0,14124685.2,0.00610009131107148,,0.0,0.0,0.1266503520751637,no statements loaded,0.7754021009789861,0.15955721058037928,False,control,Yes Bank,HDFCBANK.NS,3,,-0.3836705377102273,2020-03-24,True,False,True,False,False,False,False,False,True,False,,,,,,,
2020-02-05,500,0.023023290993106432,0.02798618382169853,1.0726209568901044,100.0,11601057.5,0.007432739619273754,,0.0,0.0,0.11976905192039743,no statements loaded,0.824707203223655,0.16937124928789243,False,control,Yes Bank,HDFCBANK.NS,1,,-0.383200072754571,2020-03-24,True,False,True,False,False,False,False,False,True,False,,,,,,,
2019-03-05,500,0.03277932135432332,0.029689950482494547,0.9096219931363387,100.0,7678363.45,0.01085394453646681,,0.0,0.0,0.2535608358408549,no statements loaded,0.5627081710952667,0.1182622094096577,False,control,Yes Bank,INFY.NS,12,,-0.2619699516285129,2020-03-23,True,False,True,False,False,False,False,False,True,False,,,,,,,
2019-09-05,500,0.0287449763138975,0.02957334823244976,0.916107678204448,100.0,7293666.55,0.009895412558088209,,0.0,0.0,0.1755428120671965,no statements loaded,0.5915348546592186,0.12131214124923928,False,control,Yes Bank,INFY.NS,6,,-0.36085765639596157,2020-03-23,True,False,True,False,False,False,False,False,True,False,,,,,,,
2019-12-05,500,0.03623419779895937,0.0327171881210609,1.1635777221907193,100.0,12909522.033333333,0.00644190438921018,,0.0,0.0,0.21356334045611866,no statements loaded,0.5508805049557522,0.11324982149912166,False,control,Yes Bank,INFY.NS,3,,-0.26355177681423303,2020-03-23,True,False,True,False,False,False,False,False,True,False,,,,,,,
2020-02-05,500,0.03634785088779441,0.03282731994391409,0.8032820228752061,100.0,7810270.35,0.009701807793767524,,0.0,0.0,0.20542504324845245,no statements loaded,0.5408757200020671,0.1151565246049409,False,control,Yes Bank,INFY.NS,1,,-0.328978378121886,2020-03-23,True,False,True,False,False,False,False,False,True,False,,,,,,,
2019-03-05,500,0.023905728823397702,0.022793412243356917,0.6865877577195711,100.0,1447403.5333333334,0.022671162491584254,,0.0,0.0,0.34149232083618414,no statements loaded,0.5574982061777563,0.11605203171064106,False,control,Yes Bank,HINDUNILVR.NS,12,,-0.03797985235959078,2019-04-05,True,False,True,False,False,False,False,False,True,False,,,,,,,
2019-09-05,500,0.024710190283825404,0.025967796884261783,0.9635316614568146,100.0,1265052.1166666667,0.024273037280625825,,0.0,0.0,0.4467606110718532,no statements loaded,0.4943242699291923,0.10451502414277698,False,control,Yes Bank,HINDUNILVR.NS,6,,-0.013307692474927357,2019-09-12,True,False,True,False,False,False,False,False,True,False,,,,,,,
2019-12-05,500,0.024689411414575934,0.025723103866836163,0.961879908982721,100.0,1569065.75,0.017484158883784184,,0.0,0.0,0.3663274300625148,no statements loaded,0.4288964751374207,0.0918362970305725,False,control,Yes Bank,HINDUNILVR.NS,3,,-0.09774468219060461,2020-03-19,True,False,True,False,False,False,False,False,True,False,,,,,,,
2020-02-05,500,0.024689411414575934,0.04129735795968678,1.4775511024987962,100.0,1317806.8833333333,0.019633917422222903,,0.0,0.0,0.33951232589100344,no statements loaded,0.24650017350314668,0.05464040349413725,False,control,Yes Bank,HINDUNILVR.NS,1,,-0.14905342390816856,2020-03-19,True,False,True,False,False,False,False,False,True,False,,,,,,,
2019-03-05,500,0.029585178169607262,0.0323935556386942,0.8103328118054925,100.0,12995925.85,0.01958956314941672,,0.0,0.0,0.430005378643175,no statements loaded,0.9383422450498615,0.19276101453352068,False,control,Yes Bank,ITC.NS,12,,-0.46847745286208675,2020-03-16,True,False,True,False,False,False,False,False,True,False,,,,,,,
2019-09-05,500,0.026224091288428876,0.028601357288991283,1.1297086639684963,100.0,11655765.483333332,0.02477366751128963,,0.0,0.0,0.48472603396415614,no statements loaded,0.7980243055460972,0.16491756767320376,False,control,Yes Bank,ITC.NS,6,,-0.3971339586483488,2020-03-16,True,False,True,False,False,False,False,False,True,False,,,,,,,
2019-12-05,500,0.02641731183191392,0.02716551284343613,0.878351647407072,100.0,15987713.033333333,0.01786365178630007,,0.0,0.0,0.41710028803673077,no statements loaded,0.8503835326515994,0.17413820343712053,False,control,Yes Bank,ITC.NS,3,,-0.4037254066612327,2020-03-16,True,False,True,False,False,False,False,False,True,False,,,,,,,
2020-02-05,500,0.03038789172490726,0.055588631090170246,2.043701359655258,100.0,13051287.566666666,0.024966326247013167,,0.0,0.0,0.43325903780197617,no statements loaded,1.044596088109033,0.21292395712778683,True,control,Yes Bank,ITC.NS,1,,-0.31970431524804244,2020-03-16,True,True,True,False,False,False,False,False,True,False,,,,,,,
2019-03-05,500,0.029797302645587068,0.02657442668545909,0.8514462695041924,100.0,25336876.666666668,0.008005739015846077,,0.0,0.0,0.27680067869636743,no statements loaded,0.9131399521991002,0.1871377294002288,False,control,Yes Bank,KOTAKBANK.NS,12,,-0.11415864896690853,2020-03-23,True,False,True,False,False,False,False,False,True,False,,,,,,,
2019-09-05,500,0.030694232541522985,0.0294259111406391,0.9060323895863562,100.0,12767652.166666666,0.013967652111169113,,0.0,0.0,0.33622331099221464,no statements loaded,0.9402762504172301,0.19282550461809703,False,control,Yes Bank,KOTAKBANK.NS,6,,-0.2211821514797302,2020-03-23,True,False,True,False,False,False,False,False,True,False,,,,,,,
2019-12-05,500,0.029926412428031554,0.0247287318075384,0.7124600216500556,100.0,13007957.916666666,0.011721710135755993,,0.0,0.0,0.2825904515729303,no statements loaded,0.9866258775144758,0.20219683232621932,False,control,Yes Bank,KOTAKBANK.NS,3,,-0.33411145416446886,2020-03-23,True,False,True,False,False,False,False,False,True,False,,,,,,,
2020-02-05,500,0.03087246427081833,0.028300512770570673,1.1231671874515832,100.0,13203854.416666666,0.011271366903662946,,0.0,0.0,0.21850330835220155,no statements loaded,1.000454848797896,0.2049596934128495,False,control,Yes Bank,KOTAKBANK.NS,1,,-0.3500517809870898,2020-03-23,True,False,True,False,False,False,False,False,True,False,,,,,,,
2019-03-05,500,0.026652470531970347,0.02700850481430223,0.7959223781480577,100.0,1362461.8666666667,0.02792639141009451,,0.0,0.0,0.5997433926492132,no statements loaded,0.8528017071879239,0.17745329118773584,False,control,Yes Bank,ASIANPAINT.NS,12,,-0.07084079606010751,2019-05-16,True,False,True,False,False,False,False,False,True,False,,,,,,,
2019-09-05,500,0.027526778530340124,0.029452004036149865,0.9070298214341896,100.0,1429735.85,0.02445090711575028,,0.0,0.0,0.5273323187382426,no statements loaded,0.8515597659485687,0.17582601006112955,False,control,Yes Bank,ASIANPAINT.NS,6,,-0.008222634773100257,2020-03-23,True,False,True,False,False,False,False,False,True,False,,,,,,,
2019-12-05,500,0.02756350711850023,0.0279738609584855,0.8209542794009467,100.0,1369310.35,0.02257038889114209,,0.0,0.0,0.4827662580616746,no statements loaded,0.7515233279153386,0.1555163519707355,False,control,Yes Bank,ASIANPAINT.NS,3,,-0.12319232556614668,2020-03-23,True,False,True,False,False,False,False,False,True,False,,,,,,,
2020-02-05,500,0.027780026666697988,0.029617142216136327,0.9628871843369596,100.0,1211549.8833333333,0.023362818566577813,,0.0,0.0,0.4204082579638609,no statements loaded,0.6260601959068228,0.12981515983533473,False,control,Yes Bank,ASIANPAINT.NS,1,,-0.19697337312188545,2020-03-23,True,False,True,False,False,False,False,False,True,False,,,,,,,
2019-03-05,500,0.028479604650154644,0.03354280545306201,0.8490300809756649,100.0,1629496.0,0.06443657973550075,,0.0,0.0,1.4702806882191004,no statements loaded,0.46977144961282585,0.10052313372116048,False,control,Yes Bank,NESTLEIND.NS,12,,-0.03910180098149596,2019-03-08,True,False,True,False,False,False,False,False,True,False,,,,,,,
2019-09-05,500,0.029229691337295406,0.03178642788457406,0.9695694606927875,100.0,1360286.3333333333,0.06291392146228543,,0.0,0.0,1.5695531990652563,no statements loaded,0.4311685652722025,0.09460340728453046,False,control,Yes Bank,NESTLEIND.NS,6,,-0.004380800114999417,2019-09-12,True,False,True,False,False,False,False,False,True,False,,,,,,,
2019-12-05,500,0.029421390583469598,0.03274388596266739,0.8062291625876069,100.0,1879798.6666666667,0.040182159422233396,,0.0,0.0,1.0143713247504251,no statements loaded,0.470763717374172,0.10136451835437565,False,control,Yes Bank,NESTLEIND.NS,3,,-0.09060989393285301,2020-03-23,True,False,True,False,False,False,False,False,True,False,,,,,,,
2020-02-05,500,0.029530967223261588,0.03727975519154492,1.3464082388381347,100.0,1502487.0,0.043674855721927454,,0.0,0.0,0.9596118981240181,no statements loaded,0.36893991259322495,0.08158996667762733,False,control,Yes Bank,NESTLEIND.NS,1,,-0.20996229761915153,2020-03-23,True,False,True,False,False,False,False,False,True,False,,,,,,,
2019-03-05,500,0.027186786749149296,0.0254756608737625,1.0407892834475698,100.0,285597.7,0.06529428665364681,,0.0,0.0,1.31661859721724,no statements loaded,0.7229463539018438,0.15085157444223954,False,control,Yes Bank,BRITANNIA.NS,12,,-0.2993364152748502,2020-03-23,True,False,True,False,False,False,False,False,True,False,,,,,,,
2019-09-05,500,0.02930261642714746,0.042027431265829814,1.2740432292724402,100.0,529799.3833333333,0.04009314406687975,,0.0,0.0,1.0705554608455292,no statements loaded,0.7349016169416747,0.1536788992243426,False,control,Yes Bank,BRITANNIA.NS,6,,-0.2018928113886681,2020-03-23,True,False,True,False,False,False,False,False,True,False,,,,,,,
2019-12-05,500,0.029509897795275276,0.02793179360347203,0.916031920167568,100.0,488767.2833333333,0.03776035030667448,,0.0,0.0,0.9898665311814281,no statements loaded,0.7404945949876286,0.15341554032880464,False,control,Yes Bank,BRITANNIA.NS,3,,-0.3065457694972392,2020-03-23,True,False,True,False,False,False,False,False,True,False,,,,,,,
2020-02-05,500,0.029482060881721495,0.024147691180125528,0.5870770017896934,100.0,364928.15,0.04788643462310602,,0.0,0.0,0.8109325187386737,no statements loaded,0.6956158622477847,0.14452158070010018,False,control,Yes Bank,BRITANNIA.NS,1,,-0.3434020417376913,2020-03-23,True,False,True,False,False,False,False,False,True,False,,,,,,,
2018-06-04,0,,,,,,,,,,,,,,,case,DHFL,DHFL.NS,12,,,,,,,,,,,,,,,,,,,,prices not available
2018-12-04,0,,,,,,,,,,,,,,,case,DHFL,DHFL.NS,6,,,,,,,,,,,,,,,,,,,,prices not available
2019-03-04,0,,,,,,,,,,,,,,,case,DHFL,DHFL.NS,3,,,,,,,,,,,,,,,,,,,,prices not available
2019-05-04,0,,,,,,,,,,,,,,,case,DHFL,DHFL.NS,1,,,,,,,,,,,,,,,,,,,,prices not available
2018-01-25,500,0.03652038224959408,0.03511004912902482,0.9588548280809625,100.0,2371025.3833333333,0.038897238387729315,,0.0,0.0,0.8807297845383009,no statements loaded,1.135954665121321,0.23364584322434706,False,case,Zee Entertainment,ZEEL.NS,12,yfinance,-0.462777181411304,2019-01-25,True,False,True,False,False,False,False,False,True,False,Cornish-Fisher,recommended,0.03663963813426473,0.031895677372874465,0.04069116017228362,B,
2018-07-25,500,0.0349939103827609,0.03261097796145104,1.0631299087882233,100.0,1746367.2666666666,0.06007013068913881,,0.0,0.0,1.5464552322271934,no statements loaded,1.0674488742908572,0.2215002186683359,False,case,Zee Entertainment,ZEEL.NS,6,yfinance,-0.3889262353668165,2019-01-25,True,False,True,False,False,False,False,False,True,False,Cornish-Fisher,recommended,0.03530253332528387,0.030113650721019854,0.039868757933511106,A,
2018-10-25,500,0.03360641692386784,0.031810614724358297,1.3347983152796639,100.0,2683867.3333333335,0.04709518690916291,,0.0,0.0,1.3088995594112123,no statements loaded,0.8963477606391891,0.18718371593982813,False,case,Zee Entertainment,ZEEL.NS,3,yfinance,-0.2637300962351692,2019-01-25,True,False,True,False,False,False,False,False,True,False,Student-t,recommended,0.03523000415300414,0.03125660330560562,0.04002418697779237,B,
2018-12-25,500,0.03247205081735769,0.04915919119491906,1.630432733306313,100.0,3766841.3666666667,0.03322486690586453,,0.0,0.0,1.4444191454470265,no statements loaded,0.7754790514138201,0.16284446605386016,True,case,Zee Entertainment,ZEEL.NS,1,yfinance,-0.2709789639557024,2019-01-25,True,True,True,False,False,False,False,False,True,False,Parametric (Normal),recommended,0.031651969870029384,0.029103624509807937,0.03420789020628572,B,
2018-01-25,500,0.027355213322852907,0.02933949045282996,0.9077515325999368,100.0,13173625.666666666,0.00893671649673014,,0.0,0.0,0.17214122239276997,no statements loaded,0.9610518487510651,0.194910464343138,False,control,Zee Entertainment,RELIANCE.NS,12,,-0.08613722839130389,2018-03-28,True,False,True,False,False,False,False,False,True,False,,,,,,,
2018-07-25,500,0.026827506714709855,0.02950915466943393,1.2108029412717938,100.0,16069901.233333332,0.006303409059340077,,0.0,0.0,0.18259464095317166,no statements loaded,1.0092397665823423,0.2043407648793925,False,control,Zee Entertainment,RELIANCE.NS,6,,-0.07564017070311968,2018-10-25,True,False,True,False,False,False,False,False,True,False,,,,,,,
2018-10-25,500,0.030997470336619107,0.04354508935864592,1.6143185293682591,100.0,21981638.183333334,0.004985257325025954,,0.0,0.0,0.15132884646789957,no statements loaded,1.2687129489560003,0.25601499505377573,True,control,Zee Entertainment,RELIANCE.NS,3,,0.01367868562727037,2018-10-26,True,True,True,False,False,False,False,False,True,False,,,,,,,
2018-12-25,500,0.03208124308855423,0.03292305611808919,0.9889248112512,100.0,21349101.55,0.004857968494086244,,0.0,0.0,0.16651582693371683,no statements loaded,1.493167039076267,0.30035160284489276,True,control,Zee Entertainment,RELIANCE.NS,1,,0.0033052905348165407,2019-01-03,True,False,True,False,False,False,False,False,True,True,,,,,,,
2018-01-25,500,0.03059159722095157,0.04003399632417409,1.476505599536204,100.0,2158647.8666666667,0.018419130292494958,,0.0,0.0,0.49326138731186825,no statements loaded,0.4368913363397551,0.09265877188228867,False,control,Zee Entertainment,TCS.NS,12,,-0.0974193296001642,2018-03-26,True,False,True,False,False,False,False,False,True,False,,,,,,,
2018-07-25,500,0.030053415643717704,0.032169814846844044,1.0018688307277215,100.0,3564969.3666666667,0.008693582088526148,,0.0,0.0,0.1830603079619764,no statements loaded,0.28988150104846033,0.06298888309043896,False,control,Zee Entertainment,TCS.NS,6,,-0.09013902143912722,2018-10-26,True,False,True,False,False,False,False,False,True,False,,,,,,,
2018-10-25,500,0.03174760973687868,0.04012809107432408,1.2496306401967245,100.0,2570242.3666666667,0.012867241161739998,,0.0,0.0,0.24114448648127776,no statements loaded,0.4014569997445014,0.08479731504377393,False,control,Zee Entertainment,TCS.NS,3,,-0.029087713762459888,2018-10-26,True,False,True,False,False,False,False,False,True,False,,,,,,,
2018-12-25,500,0.03176795960969392,0.03537669002156344,0.9886646511582752,100.0,2779750.283333333,0.011491251600603457,,0.0,0.0,0.3732601962764568,no statements loaded,0.4280454290639937,0.09028609892105902,False,control,Zee Entertainment,TCS.NS,1,,-0.054860528224584204,2019-01-14,True,False,True,False,False,False,False,False,True,False,,,,,,,
2018-01-25,500,0.01739423354668941,0.016332115400037147,1.0347833828268171,100.0,5633007.8,0.019581625456860156,,0.0,0.0,0.2706306898271124,no statements loaded,0.6896996055383081,0.14061660749870222,False,control,Zee Entertainment,HDFCBANK.NS,12,,-0.07207775639122449,2018-03-07,True,False,True,False,False,False,False,False,True,False,,,,,,,
2018-07-25,500,0.017128283168425944,0.01820748105862147,0.9256085774687082,100.0,10831248.2,0.009208138280982206,,0.0,0.0,0.18954937030513624,no statements loaded,0.634311097163069,0.12886242503237572,False,control,Zee Entertainment,HDFCBANK.NS,6,,-0.11915126828428235,2018-10-31,True,False,True,False,False,False,False,False,True,False,,,,,,,
2018-10-25,500,0.018508046040613273,0.02070498056992707,1.205790773697642,100.0,12278332.6,0.008954453902515406,,0.0,0.0,0.15851750092801684,no statements loaded,0.6657573429004761,0.13608041471576732,False,control,Zee Entertainment,HDFCBANK.NS,3,,-0.02897705680748075,2018-10-31,True,False,True,False,False,False,False,False,True,False,,,,,,,
2018-12-25,500,0.01843574401460059,0.021830204995589804,1.0157624151560263,100.0,13484060.933333334,0.0077154351310600704,,0.0,0.0,0.1795296099102671,no statements loaded,0.6916921310719182,0.14100434977542706,False,control,Zee Entertainment,HDFCBANK.NS,1,,-0.022084472120050158,2019-01-30,True,False,True,False,False,False,False,False,True,False,,,,,,,
2018-01-25,500,0.03210714057534088,0.029187252566341006,1.003012679799878,100.0,9362183.633333333,0.011554006741898165,,0.0,0.0,0.2890899998364532,no statements loaded,0.5671571670194584,0.11790760357443993,False,control,Zee Entertainment,INFY.NS,12,,-0.06606297749713363,2018-02-14,True,False,True,False,False,False,False,False,True,False,,,,,,,
2018-07-25,500,0.02887212734627181,0.027623912338640033,0.9769536346536876,100.0,8096636.333333333,0.011076853467275207,,0.0,0.0,0.2806851933310638,no statements loaded,0.4711823149054214,0.09844191654154409,False,control,Zee Entertainment,INFY.NS,6,,-0.09544067843741832,2018-11-21,True,False,True,False,False,False,False,False,True,False,,,,,,,
2018-10-25,500,0.03161498912834249,0.03208127901662265,1.3544794501957014,100.0,8102435.933333334,0.011677550131016698,,0.0,0.0,0.2729279837138053,no statements loaded,0.5093631172125629,0.10663455477920987,False,control,Zee Entertainment,INFY.NS,3,,-0.04570344532865178,2018-11-21,True,False,True,False,False,False,False,False,True,False,,,,,,,
2018-12-25,500,0.0329618098265582,0.03446776451790877,1.240544106726931,100.0,8500888.433333334,0.011125913427659897,,0.0,0.0,0.40843654187708617,no statements loaded,0.5958453452971837,0.12374784336737983,False,control,Zee Entertainment,INFY.NS,1,,-0.007627140854340908,2018-12-26,True,False,True,False,False,False,False,False,True,False,,,,,,,
2018-01-25,500,0.022306903752615313,0.022558207749042478,0.7297559228385374,100.0,1057451.75,0.03950353250204836,,0.0,0.0,0.6653010893618116,no statements loaded,0.6676741496367291,0.138875183048064,False,control,Zee Entertainment,HINDUNILVR.NS,12,,-0.05798595013053065,2018-03-08,True,False,True,False,False,False,False,False,True,False,,,,,,,
2018-07-25,500,0.02093801872397829,0.0240595318891553,1.2382246586486751,100.0,1423734.6333333333,0.02418436093534607,,0.0,0.0,0.5210090456627026,no statements loaded,0.5532023122584124,0.1151274477697486,False,control,Zee Entertainment,HINDUNILVR.NS,6,,-0.08499956959859689,2018-10-09,True,False,True,False,False,False,False,False,True,False,,,,,,,
2018-10-25,500,0.023866457663698087,0.034546824735976846,1.3550869550707232,100.0,1516533.4333333333,0.023744966345104857,,0.0,0.0,0.662299286167048,no statements loaded,0.48723691507467815,0.10226576451264137,False,control,Zee Entertainment,HINDUNILVR.NS,3,,-0.011867574853355323,2018-10-29,True,False,True,False,False,False,False,False,True,False,,,,,,,
2018-12-25,500,0.023840377185115752,0.033705679834227745,1.1299657286548856,100.0,1523341.6166666667,0.020816201626965597,,0.0,0.0,0.6743349305077292,no statements loaded,0.5362638563774171,0.11170019600966061,False,control,Zee Entertainment,HINDUNILVR.NS,1,,-0.07034985331329258,2019-04-05,True,False,True,False,False,False,False,False,True,False,,,,,,,
2018-01-25,500,0.03139148593748181,0.0325764347889071,0.7253028067892981,100.0,11764581.183333334,0.02217137277172556,,0.0,0.0,0.38899712299519806,no statements loaded,1.1177313574514538,0.22724508570202762,False,control,Zee Entertainment,ITC.NS,12,,-0.0915555242811642,2018-03-28,True,False,True,False,False,False,False,False,True,False,,,,,,,
2018-07-25,500,0.02968281262041612,0.030215309605294043,1.203197135104413,100.0,10248702.45,0.024528147595826253,,0.0,0.0,0.5068175873260392,no statements loaded,0.9476094695719446,0.19465007440262055,False,control,Zee Entertainment,ITC.NS,6,,-0.07321315169328979,2018-10-11,True,False,True,False,False,False,False,False,True,False,,,,,,,
2018-10-25,500,0.030286264161750228,0.030527565718769193,1.2788177782910883,100.0,14283248.283333333,0.01751406520907323,,0.0,0.0,0.41010066587802313,no statements loaded,0.9787639206891673,0.20105209335147545,False,control,Zee Entertainment,ITC.NS,3,,-0.059467888038226,2018-12-10,True,False,True,False,False,False,False,False,True,False,,,,,,,
2018-12-25,500,0.029268026376046884,0.031563946917246066,0.9755005393674523,100.0,11127331.466666667,0.02342217456719192,,0.0,0.0,0.6071107593418803,no statements loaded,0.8819325435274941,0.18235923481662855,False,control,Zee Entertainment,ITC.NS,1,,-0.006702807674127453,2019-02-05,True,False,True,False,False,False,False,False,True,False,,,,,,,
2018-01-25,500,0.02594971138470107,0.022310279217721267,0.8248227670387804,100.0,9644891.25,0.023894406718296807,,0.0,0.0,0.38013747003090775,no statements loaded,0.8219263256894148,0.16910564826509572,False,control,Zee Entertainment,KOTAKBANK.NS,12,,-0.05524790654259237,2018-02-09,True,False,True,False,False,False,False,False,True,False,,,,,,,
2018-07-25,500,0.025324859660872577,0.02485085314230876,0.9969098862800635,100.0,9771652.083333334,0.019582717851102705,,0.0,0.0,0.3603666769188928,no statements loaded,0.791844174539108,0.16292042015891933,False,control,Zee Entertainment,KOTAKBANK.NS,6,,-0.1997872828475904,2018-10-05,True,False,True,False,False,False,False,False,True,False,,,,,,,
2018-10-25,500,0.02774814143401047,0.02579965730296236,1.4424625519516572,100.0,14188730.666666666,0.014954737571800499,,0.0,0.0,0.4103691731609603,no statements loaded,0.7784697773933094,0.15982481927606376,False,control,Zee Entertainment,KOTAKBANK.NS,3,,-0.064302552863444,2018-11-01,True,False,True,False,False,False,False,False,True,False,,,,,,,
2018-12-25,500,0.029046381721769814,0.025531310215646995,1.5302946259325154,100.0,20133925.0,0.01009042211271533,,0.0,0.0,0.43886915092727036,no statements loaded,0.9449610187732325,0.19373139050522292,True,control,Zee Entertainment,KOTAKBANK.NS,1,,-0.02886551854016095,2019-01-16,True,True,True,False,False,False,False,False,True,False,,,,,,,
2018-01-25,500,0.028522171372180938,0.02565293211813288,0.8768435142723032,100.0,675115.0166666667,0.06926324161416682,,0.0,0.0,1.2757720566566526,no statements loaded,0.8423519557819089,0.1734332743142342,False,control,Zee Entertainment,ASIANPAINT.NS,12,,-0.04246183658178704,2018-03-06,True,False,True,False,False,False,False,False,True,False,,,,,,,
2018-07-25,500,0.028434633844115962,0.030545014187431038,1.1272379044145668,100.0,1031712.6,0.035787333238347846,,0.0,0.0,0.8977155872802318,no statements loaded,0.98346510259506,0.20180434714553933,False,control,Zee Entertainment,ASIANPAINT.NS,6,,-0.21494334022260075,2018-10-23,True,False,True,False,False,False,False,False,True,False,,,,,,,
2018-10-25,500,0.031511747396495954,0.04688124613116286,1.6867753564693304,100.0,1291060.65,0.03455851008981975,,0.0,0.0,0.8311325161272375,no statements loaded,1.0244294788062547,0.21118448367353296,True,control,Zee Entertainment,ASIANPAINT.NS,3,,-0.008124544542516432,2018-10-26,True,True,True,False,False,False,False,False,True,False,,,,,,,
2018-12-25,500,0.026138354153773892,0.0409511434095485,1.3721658130482273,100.0,1466668.8666666667,0.026836880582611657,,0.0,0.0,1.069417146246626,no statements loaded,0.8464767726323743,0.17584767982700777,False,control,Zee Entertainment,ASIANPAINT.NS,1,,0.004384848852924339,2018-12-26,True,False,True,False,False,False,False,False,True,False,,,,,,,
2018-01-25,500,0.02565097784162311,0.02507734194993886,0.7364436533612908,100.0,878841.3333333334,0.16942897953804906,,0.0,0.0,2.6418933585991886,no statements loaded,0.24716962658805067,0.05698923833070047,False,control,Zee Entertainment,NESTLEIND.NS,12,,-0.06956613806622935,2018-02-09,True,False,True,False,False,False,False,False,True,False,,,,,,,
2018-07-25,500,0.024722038125616987,0.027642552813601288,0.9686710066714047,100.0,1100386.3333333333,0.09860369788292533,,0.0,0.0,2.205759514821646,no statements loaded,0.5045279133270069,0.1085219131894593,False,control,Zee Entertainment,NESTLEIND.NS,6,,-0.08526763954819017,2018-10-03,True,False,True,False,False,False,False,False,True,False,,,,,,,
2018-10-25,500,0.028500341535404643,0.03820992685211256,1.1570261762193714,100.0,1487339.0,0.0781248557236214,,0.0,0.0,2.0498819691767642,no statements loaded,0.5575100271074157,0.11829436182374439,False,control,Zee Entertainment,NESTLEIND.NS,3,,0.0032710515343452595,2018-10-26,True,False,True,False,False,False,False,False,True,False,,,,,,,
2018-12-25,500,0.027000313229205108,0.037403205565129015,0.933797294114967,100.0,1564998.6666666667,0.06452846720448385,,0.0,0.0,2.0094351480557404,no statements loaded,0.4518100920626188,0.09717674334196938,False,control,Zee Entertainment,NESTLEIND.NS,1,,-0.07581924319441302,2019-03-08,True,False,True,False,False,False,False,False,True,False,,,,,,,
2018-01-25,500,0.029303368247127856,0.031878202662259617,0.9946168325688715,100.0,380361.26666666666,0.065306682774171,,0.0,0.0,1.4929096139940827,no statements loaded,0.8104449663226898,0.16813902751705959,False,control,Zee Entertainment,BRITANNIA.NS,12,,-0.020570370925158454,2018-02-06,True,False,True,False,False,False,False,False,True,False,,,,,,,
2018-07-25,500,0.024181802802281473,0.02454282097852364,0.8166877078625043,100.0,213137.93333333332,0.08365766894577673,,0.0,0.0,1.7309838313486239,no statements loaded,0.7669479453594406,0.1601564327614287,False,control,Zee Entertainment,BRITANNIA.NS,6,,-0.17288059803629818,2018-10-25,True,False,True,False,False,False,False,False,True,False,,,,,,,
2018-10-25,500,0.027195717172755606,0.0359463413464981,1.4494857833318606,100.0,382088.23333333334,0.05642020212925211,,0.0,0.0,1.6371016904897349,no statements loaded,0.8560100458172537,0.1781626555942505,False,control,Zee Entertainment,BRITANNIA.NS,3,,0.002109539865366772,2018-10-26,True,False,True,False,False,False,False,False,True,False,,,,,,,
2018-12-25,500,0.025380252372780868,0.030857756980461004,1.1991579186422237,100.0,347823.4666666667,0.05306496873805479,,0.0,0.0,1.612982774944101,no statements loaded,0.729137974790418,0.15255536514380327,False,control,Zee Entertainment,BRITANNIA.NS,1,,-0.1401526471541421,2019-05-06,True,False,True,False,False,False,False,False,True,False,,,,,,,
2022-01-24,500,0.07178420538647462,0.09338251703208575,0.8055549133407978,100.0,2075659.5,0.014070696080311404,,0.0,0.0,0.5220051405030869,no statements loaded,1.2077246448703234,0.24809098907502047,True,case,Adani Enterprises,ADANIENT.NS,12,yfinance,-0.3041195397092865,2023-02-27,True,True,True,False,False,False,False,False,True,False,"GARCH(1,1)-t",recommended,0.09338251703208575,0.0710607908962265,0.126130692271933,C,
2022-07-24,500,0.056304713468650076,0.062100183551110834,0.7620040029339098,100.0,1588965.3666666667,0.01261273552718124,,0.0,0.0,0.53149267368382,no statements loaded,1.4661179174866823,0.29759616572839637,True,case,Adani Enterprises,ADANIENT.NS,6,yfinance,-0.5224853847494493,2023-02-27,True,True,True,False,False,False,False,False,True,False,Cornish-Fisher,recommended,0.06389596178533712,0.04747786159748471,0.07381673357360641,B,
2022-10-24,500,0.05634642988836191,0.055793818409703426,0.9049370031567181,100.0,2848871.7333333334,0.0053123273554052195,,0.0,0.0,0.20646507493201732,no statements loaded,1.4114211237172407,0.2858366645477926,True,case,Adani Enterprises,ADANIENT.NS,3,yfinance,-0.6394041922895847,2023-02-27,True,True,True,False,False,False,False,False,True,False,Student-t,recommended,0.06357863954025404,0.05483552730481543,0.0726163708246811,B,
2022-12-24,500,0.058286944002936,0.08468251658940394,1.0901653557884872,100.0,2470400.433333333,0.005567091022152663,,0.0,0.0,0.14938333346988442,no statements loaded,1.4685877373206477,0.2973855522344659,True,case,Adani Enterprises,ADANIENT.NS,1,yfinance,-0.6723134432946574,2023-02-27,True,True,True,False,False,False,False,False,True,False,Student-t,recommended,0.06638678702937938,0.05757926640362747,0.07545000793283752,B,
2022-01-24,500,0.05211264997717496,0.04511196440609843,1.0454804713080177,100.0,13751764.183333334,0.0033759693379151845,,0.0,0.0,0.09588815858413115,no statements loaded,0.9813437920121483,0.19845896083898704,True,control,Adani Enterprises,RELIANCE.NS,12,,-0.07126784212280757,2023-03-20,True,True,True,False,False,False,False,False,True,False,,,,,,,
2022-07-24,500,0.03905248188847414,0.03836595453945828,1.021781214420214,100.0,18831011.55,0.0023420634011311462,,0.0,0.0,0.07332844807691107,no statements loaded,1.0311668033375596,0.2080844524908259,False,control,Adani Enterprises,RELIANCE.NS,6,,-0.11772114512556497,2023-03-20,True,False,True,False,False,False,False,False,True,False,,,,,,,
2022-10-24,500,0.03858555534748372,0.034005736118991645,0.7295438084636222,100.0,11316774.566666666,0.0039209177535247,,0.0,0.0,0.08091104143916233,no statements loaded,1.0309881952122497,0.20795112189190051,False,control,Adani Enterprises,RELIANCE.NS,3,,-0.11234547612684498,2023-03-20,True,False,True,False,False,False,False,False,True,False,,,,,,,
2022-12-24,500,0.034705290700289854,0.03180846564438624,0.7714175141484668,100.0,10761839.65,0.004086271944289318,,0.0,0.0,0.08125772313760234,no statements loaded,1.0391526881350635,0.20976876375771156,False,control,Adani Enterprises,RELIANCE.NS,1,,-0.12027414447146523,2023-03-20,True,False,True,False,False,False,False,False,True,False,,,,,,,
2022-01-24,500,0.043185763417553084,0.034152317090046604,0.9762631094831081,100.0,2389213.8666666667,0.006364350404673692,,0.0,0.0,0.13216777482731384,no statements loaded,0.7044963758950243,0.14400548783155692,False,control,Adani Enterprises,TCS.NS,12,,-0.20186100211232838,2022-09-23,True,False,True,False,False,False,False,False,True,False,,,,,,,
2022-07-24,500,0.03406324198548217,0.034240116264426766,1.1624146054979905,100.0,2555817.7666666666,0.0070100206952184935,,0.0,0.0,0.17663544564263578,no statements loaded,0.7140318722897884,0.14512128421455628,False,control,Adani Enterprises,TCS.NS,6,,-0.05958703721637537,2022-09-23,True,False,True,False,False,False,False,False,True,False,,,,,,,
2022-10-24,500,0.03376914831907327,0.029689677060743817,0.8483824469947574,100.0,2049701.2666666666,0.008744031554278421,,0.0,0.0,0.1837831554700444,no statements loaded,0.7254504977882683,0.14760803804916928,False,control,Adani Enterprises,TCS.NS,3,,-0.0013598637598364327,2022-10-27,True,False,True,False,False,False,False,False,True,False,,,,,,,
2022-12-24,500,0.033457186749258405,0.029267716463691223,0.8096057081990815,100.0,1794439.55,0.00978168072789648,,0.0,0.0,0.1927580686555513,no statements loaded,0.7569927208268395,0.15380089341613018,False,control,Adani Enterprises,TCS.NS,1,,-0.021225232186732557,2023-04-19,True,False,True,False,False,False,False,False,True,False,,,,,,,
2022-01-24,500,0.048770817561888224,0.03221050384876265,0.8335120999767153,100.0,12179302.4,0.005901833667690783,,0.0,0.0,0.13337607790743394,no statements loaded,1.0236132200488497,0.20715678907286877,False,control,Adani Enterprises,HDFCBANK.NS,12,,-0.1281084113717451,2022-06-16,True,False,True,False,False,False,False,False,True,False,,,,,,,
2022-07-24,500,0.034919803709133425,0.03005247321063648,0.8050110219415942,100.0,14699270.233333332,0.005160677587092266,,0.0,0.0,0.11484694499775544,no statements loaded,1.027036165706342,0.20801447715703367,False,control,Adani Enterprises,HDFCBANK.NS,6,,-0.007289127970607212,2022-09-29,True,False,True,False,False,False,False,False,True,False,,,,,,,
2022-10-24,500,0.0339662185983299,0.031214116934059562,0.8622601555095849,100.0,12596892.6,0.00573943578351933,,0.0,0.0,0.1329742521885569,no statements loaded,1.0716515741414172,0.21695378603407764,False,control,Adani Enterprises,HDFCBANK.NS,3,,-0.00694704614845576,2022-10-25,True,False,True,False,False,False,False,False,True,False,,,,,,,
2022-12-24,500,0.0339662185983299,0.026633888954715797,0.6279693102136262,100.0,13184185.666666666,0.005014905666755764,,0.0,0.0,0.10722417220279927,no statements loaded,1.0408681816345537,0.21078141505691483,False,control,Adani Enterprises,HDFCBANK.NS,1,,-0.03489503249900139,2023-03-15,True,False,True,False,False,False,False,False,True,False,,,,,,,
2022-01-24,500,0.04408635450146055,0.044706588168909545,1.2605102692245094,100.0,5355607.766666667,0.0061175147557116245,,0.0,0.0,0.14528770108096972,no statements loaded,0.8329010217014239,0.16821675936320415,False,control,Adani Enterprises,INFY.NS,12,,-0.2803616153187547,2023-04-20,True,False,True,False,False,False,False,False,True,False,,,,,,,
2022-07-24,500,0.03233971118677409,0.03621535842216004,1.078811142837775,100.0,6780809.85,0.005512713675492205,,0.0,0.0,0.1790331530069886,no statements loaded,0.7670343815414626,0.15669595495021083,False,control,Adani Enterprises,INFY.NS,6,,-0.17893501066891215,2023-04-20,True,False,True,False,False,False,False,False,True,False,,,,,,,
2022-10-24,500,0.03416363193519861,0.03402155416202421,0.9244443936278849,100.0,6147967.083333333,0.006033898730560917,,0.0,0.0,0.16456280055510852,no statements loaded,0.7881720449896026,0.16091508342341215,False,control,Adani Enterprises,INFY.NS,3,,-0.1851829981617632,2023-04-20,True,False,True,False,False,False,False,False,True,False,,,,,,,
2022-12-24,500,0.03381773241747017,0.030578155056114,0.803617171719302,100.0,5371552.833333333,0.006926076649016749,,0.0,0.0,0.16445814080696183,no statements loaded,0.7984714104221184,0.16303944993801509,False,control,Adani Enterprises,INFY.NS,1,,-0.18282009789246356,2023-04-20,True,False,True,False,False,False,False,False,True,False,,,,,,,
2022-01-24,500,0.036285306558265326,0.03978237911637825,1.127633473883221,100.0,1516075.5333333334,0.015647349468672984,,0.0,0.0,0.2720260059618043,no statements loaded,0.531771324763998,0.11006583268424605,False,control,Adani Enterprises,HINDUNILVR.NS,12,,-0.14910708525099414,2022-03-07,True,False,True,False,False,False,False,False,True,False,,,,,,,
2022-07-24,500,0.029876932913201388,0.03752226458761236,1.14977296655311,100.0,1962834.8,0.010364964874746738,,0.0,0.0,0.32599252474502083,no statements loaded,0.512275745628413,0.10639508114980537,False,control,Adani Enterprises,HINDUNILVR.NS,6,,-0.08269192351619437,2023-03-15,True,False,True,False,False,False,False,False,True,False,,,,,,,
2022-10-24,500,0.030465896281338507,0.0326876096769114,0.9425307824417369,100.0,1430277.5,0.01459746006501681,,0.0,0.0,0.2905695868908664,no statements loaded,0.5303924563133189,0.1109476790230097,False,control,Adani Enterprises,HINDUNILVR.NS,3,,-0.05862808807919773,2023-03-15,True,False,True,False,False,False,False,False,True,False,,,,,,,
2022-12-24,500,0.030560780752483474,0.029084543384092817,0.7908082306381435,100.0,1379501.8666666667,0.014758566402977777,,0.0,0.0,0.32336048382060717,no statements loaded,0.5694226650576075,0.11814219352562036,False,control,Adani Enterprises,HINDUNILVR.NS,1,,-0.08202659435873683,2023-03-15,True,False,True,False,False,False,False,False,True,False,,,,,,,
2022-01-24,500,0.04993032149272572,0.03573253664182563,0.8584816187996938,100.0,18574403.6,0.016141324675617862,,0.0,0.0,0.3902334908736658,no statements loaded,0.82662959380073,0.16926052039547157,False,control,Adani Enterprises,ITC.NS,12,,0.00806357976644434,2022-02-24,True,False,True,False,False,False,False,False,True,False,,,,,,,
2022-07-24,500,0.0326082204336569,0.03023009827157869,0.7708497011359956,100.0,17402436.633333333,0.01157399772552091,,0.0,0.0,0.3075120084610981,no statements loaded,0.749242204469124,0.15449343993117198,False,control,Adani Enterprises,ITC.NS,6,,0.00182994038417994,2022-07-25,True,False,True,False,False,False,False,False,True,False,,,,,,,
2022-10-24,500,0.03284367756232428,0.0320514100048087,0.9768299523714901,100.0,13578617.683333334,0.012821828750959996,,0.0,0.0,0.2906548412800681,no statements loaded,0.695489983200655,0.14345264678596942,False,control,Adani Enterprises,ITC.NS,3,,-0.060396765880629366,2022-12-23,True,False,True,False,False,False,False,False,True,False,,,,,,,
2022-12-24,500,0.032994515255611916,0.0270805138384396,0.804761032725081,100.0,12203846.166666666,0.015183234694462807,,0.0,0.0,0.2800786673941907,no statements loaded,0.7311871115324629,0.1503842442464675,False,control,Adani Enterprises,ITC.NS,1,,0.000918213411615687,2023-01-04,True,False,True,False,False,False,False,False,True,False,,,,,,,
2022-01-24,500,0.054215455691175335,0.041349320807805456,0.9829869463291937,100.0,13587874.75,0.01010341044851254,,0.0,0.0,0.33240430711874097,no statements loaded,1.0868439316949565,0.22020751541828482,True,control,Adani Enterprises,KOTAKBANK.NS,12,,-0.1029274630176058,2022-06-29,True,True,True,False,False,False,False,False,True,False,,,,,,,
2022-07-24,500,0.036725613427224045,0.03544613159631585,0.853924577241401,100.0,15448517.333333334,0.008905021551800521,,0.0,0.0,0.24106903491894227,no statements loaded,1.1416120471319429,0.2300451939759547,False,control,Adani Enterprises,KOTAKBANK.NS,6,,-0.09734435847571044,2023-03-14,True,False,True,False,False,False,False,False,True,False,,,,,,,
2022-10-24,500,0.03550583320789102,0.03296077140088028,0.7518274909343298,100.0,11946820.583333334,0.011091182908449198,,0.0,0.0,0.2802113196277078,no statements loaded,1.1381693775960553,0.23065340614179317,False,control,Adani Enterprises,KOTAKBANK.NS,3,,-0.13057819023645612,2023-03-14,True,False,True,False,False,False,False,False,True,False,,,,,,,
2022-12-24,500,0.03509996087291754,0.024367171890296007,0.5827565367270399,100.0,12177041.25,0.011322556582572323,,0.0,0.0,0.21890154643768303,no statements loaded,1.133845835418393,0.22987878179018362,False,control,Adani Enterprises,KOTAKBANK.NS,1,,-0.09533747918386004,2023-03-14,True,False,True,False,False,False,False,False,True,False,,,,,,,
2022-01-24,500,0.043222162283530444,0.060951918572612035,0.9800870293559499,100.0,1096999.1333333333,0.015130336817932171,,0.0,0.0,0.31969388342719435,no statements loaded,0.7106202085305046,0.1466053757066514,False,control,Adani Enterprises,ASIANPAINT.NS,12,,-0.17751322427572525,2022-06-17,True,False,True,False,False,False,False,False,True,False,,,,,,,
2022-07-24,500,0.037516634012313116,0.03788415351384551,0.9377016160497265,100.0,1427474.2,0.011891610008183812,,0.0,0.0,0.40085200895346135,no statements loaded,0.7459272617557783,0.1518257635978627,False,control,Adani Enterprises,ASIANPAINT.NS,6,,-0.11666087158330107,2023-02-02,True,False,True,False,False,False,False,False,True,False,,,,,,,
2022-10-24,500,0.038817322232960895,0.03739945302527639,0.8568890457793711,100.0,1101632.3833333333,0.015141135603367786,,0.0,0.0,0.35309361036834924,no statements loaded,0.7475711485309234,0.1538440094641706,False,control,Adani Enterprises,ASIANPAINT.NS,3,,-0.13201207049598385,2023-02-02,True,False,True,False,False,False,False,False,True,False,,,,,,,
2022-12-24,500,0.038817322232960895,0.03701677255037925,0.6269974001443621,100.0,1069716.6666666667,0.015895017850088795,,0.0,0.0,0.3015746613756859,no statements loaded,0.7069449668279235,0.14561962069007506,False,control,Adani Enterprises,ASIANPAINT.NS,1,,-0.11519345750072063,2023-02-02,True,False,True,False,False,False,False,False,True,False,,,,,,,
2022-01-24,500,0.03425846697601568,0.02903613455877176,0.9519888749791207,100.0,916816.0,0.06123311616338641,,0.0,0.0,1.0306530723203489,no statements loaded,0.4698169049611432,0.10001708746176577,False,control,Adani Enterprises,NESTLEIND.NS,12,,-0.13591262084092615,2022-05-19,True,False,True,False,False,False,False,False,True,False,,,,,,,
2022-07-24,500,0.025754048221980356,0.028079976276253325,1.0028529705667155,100.0,1393831.0,0.03950668253149382,,0.0,0.0,1.111595092499696,no statements loaded,0.37638595576933903,0.082123425489654,False,control,Adani Enterprises,NESTLEIND.NS,6,,-0.04679100486119625,2023-03-15,True,False,True,False,False,False,False,False,True,False,,,,,,,
2022-10-24,500,0.025630527881714014,0.02879432316457198,1.1862207829974218,100.0,1195366.0,0.041903793439879856,,0.0,0.0,0.9032991032362164,no statements loaded,0.38284948193376844,0.08348482720138359,False,control,Adani Enterprises,NESTLEIND.NS,3,,-0.13291496786713775,2023-03-15,True,False,True,False,False,False,False,False,True,False,,,,,,,
2022-12-24,500,0.024684815445873736,0.024199062387684333,0.8552673751589913,100.0,1228446.6666666667,0.042028623435168284,,0.0,0.0,0.8970298926880933,no statements loaded,0.4173657141689239,0.0903096328806299,False,control,Adani Enterprises,NESTLEIND.NS,1,,-0.10626467847768373,2023-03-15,True,False,True,False,False,False,False,False,True,False,,,,,,,
2022-01-24,500,0.04055736866035195,0.03743564032254471,1.0365304435243394,100.0,266273.26666666666,0.05752802398879233,,0.0,0.0,1.3610790072143235,no statements loaded,0.6631009780800899,0.1381876949927843,False,control,Adani Enterprises,BRITANNIA.NS,12,,-0.12184119675036287,2022-03-25,True,False,True,False,False,False,False,False,True,False,,,,,,,
2022-07-24,500,0.030527963388966007,0.02983331261559929,1.134942140619785,100.0,410736.31666666665,0.03337033431122908,,0.0,0.0,1.0887635572413787,no statements loaded,0.4403772793421254,0.09348305723135081,False,control,Adani Enterprises,BRITANNIA.NS,6,,-0.07209189236507552,2022-09-19,True,False,True,False,False,False,False,False,True,False,,,,,,,
2022-10-24,500,0.029833582299157873,0.022010488286831862,0.7090752115069769,100.0,316722.15,0.04417437317359799,,0.0,0.0,0.832183929798341,no statements loaded,0.3911666001860331,0.0845772429119809,False,control,Adani Enterprises,BRITANNIA.NS,3,,-0.020987665032174196,2022-10-25,True,False,True,False,False,False,False,False,True,False,,,,,,,
2022-12-24,500,0.02739291045556012,0.029631786803376275,0.845991860033106,100.0,349519.11666666664,0.035046767469867436,,0.0,0.0,0.7629368220485571,no statements loaded,0.40780085373813324,0.08761582801301528,False,control,Adani Enterprises,BRITANNIA.NS,1,,-0.030460082340906247,2023-03-24,True,False,True,False,False,False,False,False,True,False,,,,,,,
2018-04-17,500,0.05811091394005736,0.059469380023194934,0.9417812015268432,100.0,3278106.75,0.02369168491535439,,0.0,0.0,0.9477281301561298,no statements loaded,2.070144927643323,0.41910103721311714,True,case,Jet Airways,JETAIRWAYS.NS,12,yfinance,-0.9485865189473018,2019-06-19,True,True,True,False,False,False,False,False,True,True,Student-t,recommended,0.05895893177838926,0.052534948481551706,0.06464448837614412,A,
2018-10-17,500,0.07220428432554532,0.10711066660356104,1.4142511586832416,100.0,7837183.05,0.029461294108197932,,0.0,0.0,1.721731629489232,no statements loaded,1.440962482017193,0.29817091568256576,True,case,Jet Airways,JETAIRWAYS.NS,6,yfinance,-0.8471484737582302,2019-06-19,True,True,True,False,False,False,False,False,True,False,Cornish-Fisher,none_pass,0.07356379421002261,0.06250300778848716,0.08195571290807249,C,
2019-01-17,500,0.07517209692917463,0.12501381403800488,1.3425455864359985,100.0,14920948.4,0.011745508480568235,,0.0,0.0,1.150032479170999,no statements loaded,1.2229552224642735,0.252036144489596,True,case,Jet Airways,JETAIRWAYS.NS,3,yfinance,-0.883981773955979,2019-06-19,True,True,True,False,False,False,False,False,True,False,Parametric (Normal),none_pass,0.07038223142264263,0.06395084361229214,0.0780466909468512,C,
2019-03-17,500,0.07517209692917463,0.06088603586681208,0.6583979002093371,100.0,11959339.266666668,0.017779430518474047,,0.0,0.0,0.9115255822788751,no statements loaded,1.2627801400419572,0.2605973196736619,True,case,Jet Airways,JETAIRWAYS.NS,1,yfinance,-0.8592387865904344,2019-06-19,True,True,True,False,False,False,False,False,True,False,Parametric (Normal),none_pass,0.07129898534107235,0.0646307552639161,0.08003009864021207,C,
2018-04-17,500,0.026468000665276645,0.027657137644425775,0.8115960907338848,100.0,14968623.483333332,0.008045381589916691,,0.0,0.0,0.18707029471519845,no statements loaded,1.0486435067285658,0.2121829620773614,False,control,Jet Airways,RELIANCE.NS,12,,-0.03388919935990131,2018-05-23,True,False,True,False,False,False,False,False,True,False,,,,,,,
2018-10-17,500,0.03015651537999101,0.03822688006983291,1.6360629323957905,100.0,20260930.2,0.004842550131252917,,0.0,0.0,0.15361488154787853,no statements loaded,1.2482639908635789,0.25192542169287324,True,control,Jet Airways,RELIANCE.NS,6,,-0.10466436451143779,2018-10-25,True,True,True,False,False,False,False,False,True,False,,,,,,,
2019-01-17,500,0.03208124308855423,0.030415098475584733,0.7857197946299642,100.0,17494290.6,0.005691677169026782,,0.0,0.0,0.14008560530992856,no statements loaded,1.494910389849675,0.3007654263446161,True,control,Jet Airways,RELIANCE.NS,3,,0.04398585452481574,2019-01-18,True,False,True,False,False,False,False,False,True,True,,,,,,,
2019-03-17,500,0.031805572671534124,0.031127863646301136,0.8917471918379807,100.0,19724669.933333334,0.00433307079338774,,0.0,0.0,0.10806248416474501,no statements loaded,1.4956803625481967,0.3008275143767634,True,control,Jet Airways,RELIANCE.NS,1,,-0.06779410798104923,2019-05-13,True,False,True,False,False,False,False,False,True,True,,,,,,,
2018-04-17,500,0.031248751905793962,0.03332827392032425,1.182173791748352,100.0,4392029.333333333,0.00892263896257679,,0.0,0.0,0.3352204222851582,no statements loaded,0.29516117097719563,0.06390361293425058,False,control,Jet Airways,TCS.NS,12,,-0.0023683396785012523,2018-04-18,True,False,True,False,False,False,False,False,True,False,,,,,,,
2018-10-17,500,0.03145543124799258,0.04543677352295603,1.3617037735698094,100.0,2505879.033333333,0.012701829614128541,,0.0,0.0,0.24084865309210882,no statements loaded,0.413286645126603,0.08713396294236357,False,control,Jet Airways,TCS.NS,6,,-0.06556980610346042,2018-10-26,True,False,True,False,False,False,False,False,True,False,,,,,,,
2019-01-17,500,0.031834106376878765,0.03533475704890962,0.9097714947505048,100.0,2746040.35,0.011755719597925951,,0.0,0.0,0.3357894031503944,no statements loaded,0.43739979529641776,0.09234020772330184,False,control,Jet Airways,TCS.NS,3,,-0.009872157137384208,2019-01-23,True,False,True,False,False,False,False,False,True,False,,,,,,,
2019-03-17,500,0.03128537854196201,0.0346532061002185,0.9552453258806911,100.0,2998713.0166666666,0.00999655958343055,,0.0,0.0,0.23018686046153977,no statements loaded,0.42743478196143114,0.09043735456596964,False,control,Jet Airways,TCS.NS,1,,-0.035319360644923026,2019-03-27,True,False,True,False,False,False,False,False,True,False,,,,,,,
2018-04-17,500,0.016539729586539743,0.01824405027668511,1.1643957425761606,100.0,5854262.0,0.019097330315504906,,0.0,0.0,0.3474946985164118,no statements loaded,0.6724618994791736,0.13660646490754513,False,control,Jet Airways,HDFCBANK.NS,12,,-0.014241565418295243,2018-04-25,True,False,True,False,False,False,False,False,True,False,,,,,,,
2018-10-17,500,0.018871386892303072,0.02179312834219754,1.282691289789235,100.0,11393212.866666667,0.009621766710736262,,0.0,0.0,0.16043673646492113,no statements loaded,0.6861621629090119,0.13998860868283977,False,control,Jet Airways,HDFCBANK.NS,6,,-0.031829094893672694,2018-10-31,True,False,True,False,False,False,False,False,True,False,,,,,,,
2019-01-17,500,0.01843574401460059,0.018142449791168164,0.8262343218618242,100.0,11605469.133333333,0.00874720032714661,,0.0,0.0,0.17746535115932932,no statements loaded,0.6894789526428639,0.14070973070102624,False,control,Jet Airways,HDFCBANK.NS,3,,-0.04577237521847888,2019-01-30,True,False,True,False,False,False,False,False,True,False,,,,,,,
2019-03-17,500,0.0184720552309601,0.022271637355804196,1.0393710278045167,100.0,10120148.666666666,0.009493623407498465,,0.0,0.0,0.16550610831368145,no statements loaded,0.6824094469706974,0.13950587178391496,False,control,Jet Airways,HDFCBANK.NS,1,,-0.006946339678449709,2019-04-10,True,False,True,False,False,False,False,False,True,False,,,,,,,
2018-04-17,500,0.031063184703119348,0.02856099177127391,1.072404345351763,100.0,9909269.366666667,0.011403133284821107,,0.0,0.0,0.2638883898374029,no statements loaded,0.46968265713956486,0.09800909265274071,False,control,Jet Airways,INFY.NS,12,,0.0006666420221999036,2018-04-18,True,False,True,False,False,False,False,False,True,False,,,,,,,
2018-10-17,500,0.030847761546097516,0.02918990603250806,1.3295756504541971,100.0,8038190.883333334,0.010944239363784854,,0.0,0.0,0.2621942165719659,no statements loaded,0.4165410160642694,0.08810086427750027,False,control,Jet Airways,INFY.NS,6,,-0.11272160227386707,2018-11-21,True,False,True,False,False,False,False,False,True,False,,,,,,,
2019-01-17,500,0.032887276261301876,0.03257721425112718,1.0792714168746242,100.0,8657408.6,0.009668197593676585,,0.0,0.0,0.35667964931255003,no statements loaded,0.6221233730399993,0.12890598161637762,False,control,Jet Airways,INFY.NS,3,,-0.03878951147810461,2019-05-23,True,False,True,False,False,False,False,False,True,False,,,,,,,
2019-03-17,500,0.03277932135432332,0.027529870001778534,0.8024392260242441,100.0,7994204.166666667,0.01062751389130098,,0.0,0.0,0.20693546052014336,no statements loaded,0.5627081710952667,0.11700404149470664,False,control,Jet Airways,INFY.NS,1,,-0.024354636259427576,2019-05-23,True,False,True,False,False,False,False,False,True,False,,,,,,,
2018-04-17,500,0.020957666490654715,0.021458173680424523,0.875046639215202,100.0,1178458.25,0.033662055248637586,,0.0,0.0,0.6465621699117302,no statements loaded,0.6062317814661481,0.1263416293523553,False,control,Jet Airways,HINDUNILVR.NS,12,,0.003424288048898605,2018-04-18,True,False,True,False,False,False,False,False,True,False,,,,,,,
2018-10-17,500,0.0239561171164924,0.03526540002517782,1.422118789182992,100.0,1542566.6166666667,0.023621012836562386,,0.0,0.0,0.6175441029291237,no statements loaded,0.4819883371092885,0.10096573644664819,False,control,Jet Airways,HINDUNILVR.NS,6,,-0.006369978627964179,2018-10-23,True,False,True,False,False,False,False,False,True,False,,,,,,,
2019-01-17,500,0.023840377185115752,0.024900763045945653,0.8347664386883098,100.0,1442886.8,0.02239285231420618,,0.0,0.0,0.5806990824668602,no statements loaded,0.5454329171246107,0.11333897668454247,False,control,Jet Airways,HINDUNILVR.NS,3,,-0.05275477295510034,2019-04-05,True,False,True,False,False,False,False,False,True,False,,,,,,,
2019-03-17,500,0.024106949905868907,0.024264664911173506,0.7616338420166373,100.0,1482608.4833333334,0.02247425849301056,,0.0,0.0,0.3303540634528393,no statements loaded,0.5574982061777563,0.11608099296314696,False,control,Jet Airways,HINDUNILVR.NS,1,,-0.023139380916661012,2019-04-05,True,False,True,False,False,False,False,False,True,False,,,,,,,
2018-04-17,500,0.030171709740768132,0.030763174255149708,0.6912570887905288,100.0,12867525.966666667,0.021304945757011248,,0.0,0.0,0.4376532792690273,no statements loaded,0.9862659642134757,0.20230251337110142,False,control,Jet Airways,ITC.NS,12,,-0.0072133766008206646,2018-06-28,True,False,True,False,False,False,False,False,True,False,,,,,,,
2018-10-17,500,0.030519769920446724,0.037117545739583264,1.459122136195643,100.0,14583789.033333333,0.01721900907532707,,0.0,0.0,0.42101561284495204,no statements loaded,0.9759331433385814,0.20047911145297367,False,control,Jet Airways,ITC.NS,6,,-0.058599758982130545,2019-07-22,True,False,True,False,False,False,False,False,True,False,,,,,,,
2019-01-17,500,0.029268026376046884,0.03098970645534495,0.8296703853743921,100.0,9853193.55,0.024835723054404645,,0.0,0.0,0.5563945328164294,no statements loaded,0.8990465828552225,0.18575033200547664,False,control,Jet Airways,ITC.NS,3,,-0.08261929987717387,2019-07-22,True,False,True,False,False,False,False,False,True,False,,,,,,,
2019-03-17,500,0.029585178169607262,0.03216137585956056,0.7758608659878464,100.0,13651328.783333333,0.018119991796210225,,0.0,0.0,0.4039103841535585,no statements loaded,0.9383422450498615,0.19271782183365416,False,control,Jet Airways,ITC.NS,1,,-0.07268197802609255,2019-07-22,True,False,True,False,False,False,False,False,True,False,,,,,,,
2018-04-17,500,0.02471226977387753,0.02509637340287965,1.3031242953337168,100.0,11088624.583333334,0.019489816145354937,,0.0,0.0,0.5429012498081262,no statements loaded,0.8202019013798328,0.16815090907417002,False,control,Jet Airways,KOTAKBANK.NS,12,,-0.09624667266400566,2018-10-05,True,False,True,False,False,False,False,False,True,False,,,,,,,
2018-10-17,500,0.027428824131924965,0.026382349977194998,1.539597147244034,100.0,14142829.0,0.015128302723777628,,0.0,0.0,0.4054391584885451,no statements loaded,0.8717403195315322,0.17842305795394073,True,control,Jet Airways,KOTAKBANK.NS,6,,-0.05650500642269296,2018-11-01,True,True,True,False,False,False,False,False,True,False,,,,,,,
2019-01-17,500,0.028985464212297737,0.028273723742337185,1.011682488801657,100.0,17067419.083333332,0.012084366677354177,,0.0,0.0,0.40990301861917894,no statements loaded,0.9526801157910244,0.1955122534977368,False,control,Jet Airways,KOTAKBANK.NS,3,,-0.005615072286581313,2019-02-28,True,False,True,False,False,False,False,False,True,False,,,,,,,
2019-03-17,500,0.029797302645587068,0.0542503959792624,0.9723215207758399,100.0,20199736.916666668,0.00939989533458745,,0.0,0.0,0.2683267047866074,no statements loaded,0.9131399521991002,0.18734904734109636,False,control,Jet Airways,KOTAKBANK.NS,1,,-0.012451534486307314,2019-03-25,True,False,True,False,False,False,False,False,True,False,,,,,,,
2018-04-17,500,0.02844845768516573,0.026164466136543794,0.9211636317227581,100.0,831320.85,0.05502656952874778,,0.0,0.0,1.0326031960797286,no statements loaded,0.8915651782123025,0.18374646170640668,False,control,Jet Airways,ASIANPAINT.NS,12,,-0.027355708643565846,2018-10-23,True,False,True,False,False,False,False,False,True,False,,,,,,,
2018-10-17,500,0.029970833674764497,0.03538951957340012,1.3664465958681689,100.0,1188450.5,0.03578443504359943,,0.0,0.0,0.8004594566114669,no statements loaded,0.9648170252918509,0.19912617374714653,False,control,Jet Airways,ASIANPAINT.NS,6,,-0.09575067527263992,2018-10-23,True,False,True,False,False,False,False,False,True,False,,,,,,,
2019-01-17,500,0.02581729046946875,0.027017746225199514,0.9071656510375122,100.0,1468217.3833333333,0.026180603523462877,,0.0,0.0,0.8044148157429613,no statements loaded,0.8453558354708605,0.17556669393755586,False,control,Jet Airways,ASIANPAINT.NS,3,,-0.06131263493118133,2019-05-16,True,False,True,False,False,False,False,False,True,False,,,,,,,
2019-03-17,500,0.026652470531970347,0.026940852564620896,0.7677267620742825,100.0,1329479.5166666666,0.028045838674572977,,0.0,0.0,0.5297661603186371,no statements loaded,0.8528017071879239,0.1771647610819947,False,control,Jet Airways,ASIANPAINT.NS,1,,-0.08945578652389097,2019-05-16,True,False,True,False,False,False,False,False,True,False,,,,,,,
2018-04-17,500,0.025039379981367252,0.02539030513246097,1.1518014385954987,100.0,1441247.0,0.08585919525547071,,0.0,0.0,1.85873737008042,no statements loaded,0.3487517174673157,0.07697723521124558,False,control,Jet Airways,NESTLEIND.NS,12,,-0.030958810683067273,2018-04-25,True,False,True,False,False,False,False,False,True,False,,,,,,,
2018-10-17,500,0.02811753210698666,0.03485182591365441,1.1644550198655246,100.0,1374384.6666666667,0.08291905247979536,,0.0,0.0,2.1132840350531095,no statements loaded,0.5258099872201962,0.11200500274417179,False,control,Jet Airways,NESTLEIND.NS,6,,-0.038342972699387246,2018-10-23,True,False,True,False,False,False,False,False,True,False,,,,,,,
2019-01-17,500,0.027372704569778413,0.031901372760418926,0.9798833379811024,100.0,1593446.3333333333,0.06200087118295671,,0.0,0.0,2.1500369960832533,no statements loaded,0.42782186599920746,0.09213909980214631,False,control,Jet Airways,NESTLEIND.NS,3,,-0.09587842370502586,2019-03-08,True,False,True,False,False,False,False,False,True,False,,,,,,,
2019-03-17,500,0.02934439201718916,0.03754825849704553,1.0826813923572214,100.0,1726076.6666666667,0.06210834221202331,,0.0,0.0,1.4523632030845388,no statements loaded,0.46977144961282585,0.10053891557502843,False,control,Jet Airways,NESTLEIND.NS,1,,-0.004420519312707705,2019-05-14,True,False,True,False,False,False,False,False,True,False,,,,,,,
2018-04-17,500,0.02733452646820032,0.029023517495526462,0.9554854818799329,100.0,272997.0333333333,0.0787865618146836,,0.0,0.0,1.770584830553819,no statements loaded,0.7155616965309723,0.14983672886100344,False,control,Jet Airways,BRITANNIA.NS,12,,-0.008404697506295578,2018-04-24,True,False,True,False,False,False,False,False,True,False,,,,,,,
2018-10-17,500,0.02708327729465792,0.04238057234597089,1.5538183311644298,100.0,364257.8333333333,0.05670672909699982,,0.0,0.0,1.629815926809136,no statements loaded,0.8742841034768685,0.18250586516193654,True,control,Jet Airways,BRITANNIA.NS,6,,-0.04368303042595567,2019-05-08,True,True,True,False,False,False,False,False,True,False,,,,,,,
2019-01-17,500,0.025380252372780868,0.023162367480843295,0.8884129684900485,100.0,288338.38333333336,0.06188574130391505,,0.0,0.0,1.4381577640763172,no statements loaded,0.7017774505857898,0.1467929509328398,False,control,Jet Airways,BRITANNIA.NS,3,,-0.17386423983149235,2019-05-08,True,False,True,False,False,False,False,False,True,False,,,,,,,
2019-03-17,500,0.02737151655122789,0.029698046143929898,1.0142182254905077,100.0,297453.43333333335,0.06273884402549672,,0.0,0.0,1.2846308957981238,no statements loaded,0.7229463539018438,0.15051668494056722,False,control,Jet Airways,BRITANNIA.NS,1,,-0.13599975943664433,2019-05-08,True,False,True,False,False,False,False,False,True,False,,,,,,,
2019-08-29,500,0.048858604922290744,0.04918378118089591,0.7892697881095524,100.0,454802.36666666664,0.2786411501422909,,0.0,0.0,11.50889067508661,no statements loaded,0.6883455493932272,0.15578320945091673,False,case,Future Retail,FRETAIL.NS,12,yfinance,-0.8381700660256389,2020-04-08,True,False,True,False,False,False,False,False,True,False,Cornish-Fisher,recommended,0.049701471715297846,0.03911068296805868,0.056062602304535955,B,
2020-02-29,500,0.044411233773645746,0.04931297524515554,1.3385249753835802,100.0,791605.5333333333,0.20808029903687608,,0.0,0.0,7.172427005355352,no statements loaded,0.5100041189264833,0.11727514939994639,False,case,Future Retail,FRETAIL.NS,6,yfinance,-0.7896557369731507,2020-04-08,True,False,True,False,False,False,False,False,True,False,EWMA (RiskMetrics),recommended,0.04569515685616137,0.042155038570282646,0.04945412903178181,B,
2020-05-29,500,0.07070782651021654,0.0992738506077434,1.4210988401767741,100.0,1581344.1666666667,0.3728616658656529,0.05,26.0,18.0,251.88748870792418,no statements loaded,0.9296126905106922,0.6990752693768281,True,case,Future Retail,FRETAIL.NS,3,yfinance,-0.2016510081146885,2020-11-10,True,True,True,True,False,False,False,False,True,True,EWMA (RiskMetrics),recommended,0.09422535709078265,0.08299784625597988,0.10598012910469455,D,
2020-07-29,500,0.0700563811188771,0.09450202265924167,1.2444752368589311,100.0,3660140.9,0.12368199786805842,0.05,37.0,18.0,53.216092146165565,no statements loaded,0.8542220841265581,0.6882842523165185,True,case,Future Retail,FRETAIL.NS,1,yfinance,-0.3870529758369574,2020-11-10,True,True,True,True,False,False,False,False,True,True,EWMA (RiskMetrics),recommended,0.09450202265924167,0.08215949927712654,0.10580749424838147,D,
2019-08-29,500,0.0332576509854764,0.037193180379801745,1.2269946591029905,100.0,18613678.9,0.004857989419703543,,0.0,0.0,0.12447017816313403,no statements loaded,1.2599727849503297,0.25396726873617426,False,control,Future Retail,RELIANCE.NS,12,,-0.2880610890126052,2020-03-23,True,False,True,False,False,False,False,False,True,False,,,,,,,
2020-02-29,500,0.033519423505686194,0.04501476984616178,1.0811580708773114,100.0,18747955.983333334,0.004507735297700267,,0.0,0.0,0.09337772172047078,no statements loaded,1.1619216453380425,0.23468757129609674,False,control,Future Retail,RELIANCE.NS,6,,-0.3346253076696357,2020-03-23,True,False,True,False,False,False,False,False,True,False,,,,,,,
2020-05-29,500,0.05007401028772664,0.038351000511804706,1.151222433663456,100.0,51684068.583333336,0.0014696342835233446,,0.0,0.0,0.13126918420617883,no statements loaded,0.9980210483662467,0.20185857029599524,True,control,Future Retail,RELIANCE.NS,3,,0.03820698844099191,2020-06-01,True,True,True,False,False,False,False,False,True,False,,,,,,,
2020-07-29,500,0.05071844783466359,0.05267618347457162,0.8585474478847981,100.0,49278030.416666664,0.0010722168958142563,,0.0,0.0,0.05464822933726971,no statements loaded,0.9696154000296352,0.19609957005224282,True,control,Future Retail,RELIANCE.NS,1,,-0.11744925493235325,2020-11-03,True,True,True,False,False,False,False,False,True,False,,,,,,,
2019-08-29,500,0.03133297037558034,0.030279955497723107,0.8239984730516426,100.0,2415092.216666667,0.011219704448682623,,0.0,0.0,0.22276773703590938,no statements loaded,0.3956844038491411,0.084470506003979,False,control,Future Retail,TCS.NS,12,,-0.24368409256353885,2020-03-19,True,False,True,False,False,False,False,False,True,False,,,,,,,
2020-02-29,500,0.032720291028601745,0.042964041788435825,1.1783700365208334,100.0,3092028.566666667,0.00954868622180522,,0.0,0.0,0.21289539853521894,no statements loaded,0.523284094859457,0.10949688076845045,False,control,Future Retail,TCS.NS,6,,-0.17590890788619507,2020-03-19,True,False,True,False,False,False,False,False,True,False,,,,,,,
2020-05-29,500,0.0433419211842633,0.04510197468996669,1.262799697175424,100.0,4609151.3,0.0064488638863196505,,0.0,0.0,0.3457106131819264,no statements loaded,0.6736159578159541,0.13954618231564994,False,control,Future Retail,TCS.NS,3,,0.025186267144879038,2020-06-25,True,False,True,False,False,False,False,False,True,False,,,,,,,
2020-07-29,500,0.0433419211842633,0.044906021979291263,0.9255508931169856,100.0,3787678.933333333,0.006765271136086981,,0.0,0.0,0.20705532993479825,no statements loaded,0.6840320889013595,0.1414095587671413,False,control,Future Retail,TCS.NS,1,,-0.016475927788715095,2020-08-28,True,False,True,False,False,False,False,False,True,False,,,,,,,
2019-08-29,500,0.02166958855332104,0.02404675555672065,1.3695923328556487,100.0,13637754.333333334,0.007067573932469669,,0.0,0.0,0.11694363392457399,no statements loaded,0.7921741265075355,0.16145254099664727,False,control,Future Retail,HDFCBANK.NS,12,,-0.3105368827606071,2020-03-24,True,False,True,False,False,False,False,False,True,False,,,,,,,
2020-02-29,500,0.02285795684242461,0.026754389976408034,0.848227024886793,100.0,12252431.966666667,0.007437982500888669,,0.0,0.0,0.10981351250900008,no statements loaded,0.7554065567429721,0.15558492281462,False,control,Future Retail,HDFCBANK.NS,6,,-0.34810857642704884,2020-03-24,True,False,True,False,False,False,False,False,True,False,,,,,,,
2020-05-29,500,0.044907812595509584,0.06770264217592015,1.477276046527838,100.0,42551498.9,0.00265033991279722,,0.0,0.0,0.1746999472460569,no statements loaded,0.9999948894840357,0.20425894188938618,False,control,Future Retail,HDFCBANK.NS,3,,-0.0018915299793046403,2020-06-15,True,False,True,False,False,False,False,False,True,False,,,,,,,
2020-07-29,500,0.04563185476838715,0.04225086005827014,0.8279581488731272,100.0,38113952.43333333,0.002644985277998864,,0.0,0.0,0.1133267614518693,no statements loaded,1.0049739103377844,0.20526751185697237,False,control,Future Retail,HDFCBANK.NS,1,,-0.05880138221116871,2020-08-03,True,False,True,False,False,False,False,False,True,False,,,,,,,
2019-08-29,500,0.03298256147462166,0.02992412211533318,0.9613739947643065,100.0,7277065.7,0.010251065671156507,,0.0,0.0,0.18314764311710752,no statements loaded,0.6127335304937158,0.1265939633455586,False,control,Future Retail,INFY.NS,12,,-0.33939311983936726,2020-03-23,True,False,True,False,False,False,False,False,True,False,,,,,,,
2020-02-29,500,0.0376509483187369,0.03848741336241214,1.026269957845036,100.0,6936509.416666667,0.011712922492135385,,0.0,0.0,0.2226758104705943,no statements loaded,0.638177366104352,0.1312141583283083,False,control,Future Retail,INFY.NS,6,,-0.28051121214726893,2020-03-23,True,False,True,False,False,False,False,False,True,False,,,,,,,
2020-05-29,500,0.051737392116574236,0.0465340427441896,1.1221473161487259,100.0,11810784.4,0.007186388177544635,,0.0,0.0,0.418559494145012,no statements loaded,0.8482789415052575,0.1731581639835538,True,control,Future Retail,INFY.NS,3,,-0.004992836958991442,2020-06-15,True,True,True,False,False,False,False,False,True,False,,,,,,,
2020-07-29,500,0.05108711921660873,0.056909239388543996,1.0715134524328407,100.0,12963381.033333333,0.004741683329001107,,0.0,0.0,0.2099892272005919,no statements loaded,0.8510534457418792,0.1732159659433473,True,control,Future Retail,INFY.NS,1,,-0.041922065285101784,2020-09-01,True,True,True,False,False,False,False,False,True,False,,,,,,,
2019-08-29,500,0.024600832310582584,0.022851452371386798,0.8260054975931329,100.0,1245260.9,0.0246157614998069,,0.0,0.0,0.44685289686097457,no statements loaded,0.4848331297040439,0.10231498727831367,False,control,Future Retail,HINDUNILVR.NS,12,,-0.01503039448508614,2019-09-12,True,False,True,False,False,False,False,False,True,False,,,,,,,
2020-02-29,500,0.025098533575894037,0.037989302549473566,1.4430591518199412,100.0,1512325.0833333333,0.016994886776000494,,0.0,0.0,0.3059252230266647,no statements loaded,0.3334174890628085,0.07193392215266059,False,control,Future Retail,HINDUNILVR.NS,6,,-0.15470754138688414,2020-03-19,True,False,True,False,False,False,False,False,True,False,,,,,,,
2020-05-29,500,0.035637709413711055,0.036185679615814675,1.187967792851981,100.0,8273075.9,0.0032839582044911133,,0.0,0.0,0.3441847939093925,no statements loaded,0.5606291428771245,0.11690199257546302,False,control,Future Retail,HINDUNILVR.NS,3,,-0.0038847015640887106,2020-09-22,True,False,True,False,False,False,False,False,True,False,,,,,,,
2020-07-29,500,0.035934339391128285,0.030648948588201042,0.646949285823881,100.0,7423985.916666667,0.003351380788797179,,0.0,0.0,0.137390588467934,no statements loaded,0.5644860989244966,0.11795104310064758,False,control,Future Retail,HINDUNILVR.NS,1,,-0.08776675503047116,2020-09-22,True,False,True,False,False,False,False,False,True,False,,,,,,,
2019-08-29,500,0.026224091288428876,0.029115186217510768,1.1700660063772266,100.0,11725411.2,0.02493791783260083,,0.0,0.0,0.46731476199104216,no statements loaded,0.8034153501958302,0.1659721818558767,False,control,Future Retail,ITC.NS,12,,-0.3895107968430216,2020-03-16,True,False,True,False,False,False,False,False,True,False,,,,,,,
2020-02-29,500,0.030422299232142368,0.031045399202827784,1.3857714159996268,100.0,14693353.216666667,0.024297839910226084,,0.0,0.0,0.4613598222272685,no statements loaded,0.9740961011568705,0.198873130275324,False,control,Future Retail,ITC.NS,6,,-0.25461902942391934,2020-03-16,True,False,True,False,False,False,False,False,True,False,,,,,,,
2020-05-29,500,0.04559318872332886,0.06007327194787163,1.3254165996042617,100.0,35058038.35,0.010193911795915547,,0.0,0.0,0.6161616700288767,no statements loaded,0.7981446507166966,0.16592627616273506,False,control,Future Retail,ITC.NS,3,,-0.12532690354410936,2020-10-29,True,False,True,False,False,False,False,False,True,False,,,,,,,
2020-07-29,500,0.04652131096044797,0.03603363643852939,0.7430377471648465,100.0,31879375.25,0.010676159609629244,,0.0,0.0,0.39999689710935715,no statements loaded,0.786805984191505,0.16412138982481547,False,control,Future Retail,ITC.NS,1,,-0.16700547874291782,2020-10-29,True,False,True,False,False,False,False,False,True,False,,,,,,,
2019-08-29,500,0.030694232541522985,0.03815923041392541,0.9444371982809389,100.0,12284122.5,0.01411019663142353,,0.0,0.0,0.3291064022052623,no statements loaded,0.9427744803993162,0.19315529302523168,False,control,Future Retail,KOTAKBANK.NS,12,,-0.2430300344441113,2020-03-23,True,False,True,False,False,False,False,False,True,False,,,,,,,
2020-02-29,500,0.030855858390683718,0.05300033473631174,1.043879158828467,100.0,13545618.333333334,0.011457557905797052,,0.0,0.0,0.21971504604485664,no statements loaded,0.9327676701462402,0.19138998163737048,False,control,Future Retail,KOTAKBANK.NS,6,,-0.32221439782296035,2020-03-23,True,False,True,False,False,False,False,False,True,False,,,,,,,
2020-05-29,500,0.053542939433712175,0.05373220124935656,1.3334897892359057,100.0,34346518.666666664,0.005981850811279783,,0.0,0.0,0.40580731911435813,no statements loaded,1.0566792547089137,0.2163160731885945,True,control,Future Retail,KOTAKBANK.NS,3,,0.016176379949680575,2020-06-17,True,True,True,False,False,False,False,False,True,False,,,,,,,
2020-07-29,500,0.053875847787730836,0.05516467638276408,0.847264530661327,100.0,29944709.583333332,0.006044170704679874,,0.0,0.0,0.2613014333922118,no statements loaded,1.066989040692434,0.2193824459272298,True,control,Future Retail,KOTAKBANK.NS,1,,-0.10317030193251786,2020-09-24,True,True,True,False,False,False,False,False,True,False,,,,,,,
2019-08-29,500,0.027002065078515863,0.027773987736463435,0.7948968132434545,100.0,1409738.8333333333,0.02333159916698863,,0.0,0.0,0.5246784519866514,no statements loaded,0.8408122182644192,0.17483290163616808,False,control,Future Retail,ASIANPAINT.NS,12,,-0.06686048752597751,2020-03-23,True,False,True,False,False,False,False,False,True,False,,,,,,,
2020-02-29,500,0.027952200159551306,0.03983813886199437,0.8991846972220462,100.0,1189012.05,0.024805977397037448,,0.0,0.0,0.4421509681935362,no statements loaded,0.6257208193856542,0.129798715488426,False,control,Future Retail,ASIANPAINT.NS,6,,-0.16323017782093474,2020-03-23,True,False,True,False,False,False,False,False,True,False,,,,,,,
2020-05-29,500,0.039928529211478825,0.045012605730055597,1.259251165064591,100.0,2938289.6,0.01068007600200864,,0.0,0.0,0.5781341603301711,no statements loaded,0.7314648909032517,0.15068211598758746,False,control,Future Retail,ASIANPAINT.NS,3,,-0.05210635668376873,2020-06-17,True,False,True,False,False,False,False,False,True,False,,,,,,,
2020-07-29,500,0.04154393876423034,0.03586271051402229,0.8486306065983713,100.0,2838051.716666667,0.010685320657015952,,0.0,0.0,0.33773704289553697,no statements loaded,0.7161539924577639,0.14745265245767236,False,control,Future Retail,ASIANPAINT.NS,1,,-0.019912061994309838,2020-08-03,True,False,True,False,False,False,False,False,True,False,,,,,,,
2019-08-29,500,0.029229691337295406,0.03307586317219316,0.9984416667768299,100.0,1334693.0,0.06359241034911108,,0.0,0.0,1.5887051405839065,no statements loaded,0.4324114841601902,0.09431316154506719,False,control,Future Retail,NESTLEIND.NS,12,,-0.018565871586400218,2019-09-04,True,False,True,False,False,False,False,False,True,False,,,,,,,
2020-02-29,500,0.029740155749167548,0.03412402324482945,1.144287117205639,100.0,1666474.3333333333,0.04088940563690018,,0.0,0.0,0.9303109092653048,no statements loaded,0.3881950654345805,0.08519370821622603,False,control,Future Retail,NESTLEIND.NS,6,,-0.17962004158173628,2020-03-23,True,False,True,False,False,False,False,False,True,False,,,,,,,
2020-05-29,500,0.03866329496833109,0.04271838829086027,1.2434729024981215,100.0,3602632.0,0.017014351817026895,,0.0,0.0,0.9391659797121982,no statements loaded,0.5094707435913306,0.10906328707967336,False,control,Future Retail,NESTLEIND.NS,3,,-0.13028301195722203,2020-09-22,True,False,True,False,False,False,False,False,True,False,,,,,,,
2020-07-29,500,0.03868108857880235,0.03594902380412144,0.6929330971540011,100.0,3575233.0,0.018051917165143747,,0.0,0.0,0.38079278727325766,no statements loaded,0.5005779533205972,0.10701628402418867,False,control,Future Retail,NESTLEIND.NS,1,,-0.08426392275832684,2020-09-22,True,False,True,False,False,False,False,False,True,False,,,,,,,
2019-08-29,500,0.02919886708000875,0.04550094826776427,1.3216441759029323,100.0,503130.05,0.04224674406073787,,0.0,0.0,1.111181752849042,no statements loaded,0.7707540396201542,0.15973211380750743,False,control,Future Retail,BRITANNIA.NS,12,,-0.20135613467626978,2020-03-23,True,False,True,False,False,False,False,False,True,False,,,,,,,
2020-02-29,500,0.02969155073306794,0.027002868329029175,0.628436273979662,100.0,365429.48333333334,0.05242136474404885,,0.0,0.0,0.6909170292110358,no statements loaded,0.6790751887007742,0.14145014159814867,False,control,Future Retail,BRITANNIA.NS,6,,-0.2802336041189064,2020-03-23,True,False,True,False,False,False,False,False,True,False,,,,,,,
2020-05-29,500,0.04138960857145277,0.04149823177167227,1.1148842829232,100.0,913874.0833333334,0.018224554484891298,,0.0,0.0,1.4634870926937018,no statements loaded,0.7604140914118284,0.1581640131071707,False,control,Future Retail,BRITANNIA.NS,3,,-0.009914654776595144,2020-06-16,True,False,True,False,False,False,False,False,True,False,,,,,,,
2020-07-29,500,0.04138960857145277,0.034911691498066666,0.7582338073038223,100.0,969455.4833333333,0.015297023162290847,,0.0,0.0,0.4188045455586991,no statements loaded,0.7539390947295074,0.1571638825155912,False,control,Future Retail,BRITANNIA.NS,1,,-0.08525481484603203,2020-10-21,True,False,True,False,False,False,False,False,True,False,,,,,,,
