Year,Rule,Dates,Flagged,Flag rate,Events,Base rate,Precision,Recall,Lift,F1
2016,market,17254,13089,0.7586066998956764,1111,0.06439086588617132,0.07555963022385209,0.8901890189018902,1.1734526191560253,0.1392957746478873
2016,liquidity,17254,5847,0.33887794134693405,1111,0.06439086588617132,0.11390456644433043,0.5994599459945995,1.7689553460220317,0.19143432020695603
2016,stress,17254,12174,0.7055755187202968,1111,0.06439086588617132,0.07893872186627239,0.864986498649865,1.225930429415539,0.14467444486262704
2016,tool,17254,13811,0.8004520690854294,1111,0.06439086588617132,0.0735645499963797,0.9144914491449145,1.1424687179455764,0.13617477549926282
2016,drawdown_30,17254,1311,0.07598238089718326,1111,0.06439086588617132,0.18611746758199849,0.21962196219621963,2.8904327503688587,0.20148637489677954
2016,vol_top_decile,17254,918,0.0532050539005448,1111,0.06439086588617132,0.13725490196078433,0.11341134113411341,2.1315896295511907,0.12419911286347957
2016,below_200dma,17254,8000,0.4636606004404776,1111,0.06439086588617132,0.08625,0.6210621062106211,1.3394756975697568,0.151465261771485
2016,any_baseline,17254,8673,0.5026660484525327,1111,0.06439086588617132,0.08566816557131327,0.6687668766876688,1.3304397198626814,0.15188062142273098
2017,market,17698,12357,0.6982144875127133,3471,0.19612385580291558,0.24828032694019583,0.8838951310861424,1.2659363947529778,0.38766742481678046
2017,liquidity,17698,4989,0.28189625946434627,3471,0.19612385580291558,0.32070555221487274,0.4609622587150677,1.6352194938342892,0.3782505910165485
2017,stress,17698,12153,0.6866877613289637,3471,0.19612385580291558,0.2513782605118078,0.8801498127340824,1.2817321966401538,0.3910650281618024
2017,tool,17698,13473,0.7612724601649904,3471,0.19612385580291558,0.2392191790989386,0.9285508498991645,1.219735243933453,0.3804296506137866
2017,drawdown_30,17698,1030,0.05819866651599051,3471,0.19612385580291558,0.4388349514563107,0.13022183808700663,2.237539893654217,0.20084425683181517
2017,vol_top_decile,17698,1010,0.05706859532150525,3471,0.19612385580291558,0.3415841584158416,0.09939498703543648,1.7416757233199553,0.15398348582905602
2017,below_200dma,17698,6200,0.3503220702904283,3471,0.19612385580291558,0.2761290322580645,0.49322961682512245,1.4079318965437124,0.3540481852962465
2017,any_baseline,17698,6909,0.3903830941349305,3471,0.19612385580291558,0.2777536546533507,0.5528666090463843,1.4162155517300492,0.3697495183044316
2018,market,18421,11377,0.6176103360295315,6642,0.3605667444764128,0.4902874219917377,0.8398072869617585,1.359768834765101,0.6191242577279538
2018,liquidity,18421,5682,0.30845230986374245,6642,0.3605667444764128,0.5535022879267864,0.4735019572417946,1.5350896786960753,0.5103862382343395
2018,stress,18421,12566,0.6821562347320992,6642,0.3605667444764128,0.46450740092312587,0.8788015657934357,1.288270224692096,0.6077675968346522
2018,tool,18421,13679,0.7425764073611639,6642,0.3605667444764128,0.4512756780466408,0.9293887383318278,1.2515732106740696,0.6075488411003396
2018,drawdown_30,18421,4860,0.2638293252266435,6642,0.3605667444764128,0.5263374485596708,0.38512496236073473,1.45975039745825,0.444792210050426
2018,vol_top_decile,18421,1479,0.08028880082514521,6642,0.3605667444764128,0.4070317782285328,0.09063535079795243,1.128866664671455,0.14825760374338137
2018,below_200dma,18421,13194,0.7162477607078878,6642,0.3605667444764128,0.39457329088979837,0.7838000602228244,1.0943141510811465,0.524904214559387
2018,any_baseline,18421,13714,0.7444764127897509,6642,0.3605667444764128,0.39025813037771623,0.8057813911472448,1.0823464347618053,0.5258400471605423
2019,market,18754,12374,0.6598059080729445,8596,0.45835555081582596,0.5291740746727008,0.7617496510004653,1.1545056533750386,0.6245112064854553
2019,liquidity,18754,6402,0.3413671750026661,8596,0.45835555081582596,0.5156201187129023,0.38401582131223827,1.124934819258,0.44019202560341375
2019,stress,18754,11582,0.6175749173509651,8596,0.45835555081582596,0.5199447418407874,0.7005583992554677,1.134369903266883,0.5968876994746755
2019,tool,18754,13651,0.7278980484163379,8596,0.45835555081582596,0.5196688887261006,0.8252675663099116,1.1337680710992661,0.6377489099653886
2019,drawdown_30,18754,5189,0.2766876399701397,8596,0.45835555081582596,0.526498361919445,0.3178222429036761,1.148668017617179,0.39637286906057306
2019,vol_top_decile,18754,2263,0.12066759091393836,8596,0.45835555081582596,0.5377817057003977,0.14157747789669614,1.1732850289326733,0.22414586978543144
2019,below_200dma,18754,14397,0.7676762290711315,8596,0.45835555081582596,0.4881572549836772,0.8175895765472313,1.0650187482508007,0.611316487626669
2019,any_baseline,18754,14836,0.7910845686253599,8596,0.45835555081582596,0.48645187382043675,0.8395765472312704,1.0612980969786494,0.6159952202116763
2020,market,18761,16396,0.8739406215020521,1203,0.06412238153616545,0.05983166626006343,0.8154613466334164,0.9330855284331254,0.1114836070231263
2020,liquidity,18761,8220,0.43814295613240234,1203,0.06412238153616545,0.06776155717761558,0.4630091438071488,1.0567535945214013,0.11822137323569988
2020,stress,18761,11384,0.6067906827994244,1203,0.06412238153616545,0.0741391426563598,0.7015793848711555,1.1562131798636461,0.13410661793914355
2020,tool,18761,16851,0.8981930600714247,1203,0.06412238153616545,0.06094593792653255,0.8536990856192851,0.9504627942141954,0.11376980170599313
2020,drawdown_30,18761,3610,0.1924204466712862,1203,0.06412238153616545,0.04847645429362881,0.14546965918536992,0.7559989684146052,0.07271971743195511
2020,vol_top_decile,18761,4901,0.26123340973295667,1203,0.06412238153616545,0.03489083860436645,0.14214463840399003,0.5441288637211297,0.056028833551769325
2020,below_200dma,18761,9852,0.5251319226054049,1203,0.06412238153616545,0.07135606983353633,0.5843724023275145,1.1128106618013094,0.12718227046585254
2020,any_baseline,18761,11357,0.6053515271040989,1203,0.06412238153616545,0.06735933785330633,0.6359102244389028,1.0504809122742145,0.12181528662420382
2021,market,19238,17056,0.8865786464289427,918,0.04771805801018817,0.05124296435272045,0.9520697167755992,1.0738694425028714,0.09725158562367867
2021,liquidity,19238,9067,0.47130678864746856,918,0.04771805801018817,0.07235028123966031,0.7145969498910676,1.5162033883317918,0.1313970956434652
2021,stress,19238,9913,0.5152822538725439,918,0.04771805801018817,0.05931604963179663,0.6405228758169934,1.243052464941725,0.10857723201920415
2021,tool,19238,17642,0.9170391932633329,918,0.04771805801018817,0.05135472168688357,0.9869281045751634,1.0762114769196798,0.0976293103448276
2021,drawdown_30,19238,441,0.022923380808815886,918,0.04771805801018817,0.12471655328798185,0.05991285403050109,2.613613346573197,0.08094186902133922
2021,vol_top_decile,19238,1779,0.09247323006549538,918,0.04771805801018817,0.0567734682405846,0.11002178649237472,1.1897690435864559,0.07489803485354098
2021,below_200dma,19238,3589,0.1865578542468032,918,0.04771805801018817,0.07662301476734466,0.2995642701525055,1.605744616660323,0.12203239405369425
2021,any_baseline,19238,5269,0.2738850192327685,918,0.04771805801018817,0.0694628961852344,0.39869281045751637,1.45569411417379,0.11831259091643771
2022,market,20148,15117,0.7502977963073257,1536,0.07623585467540203,0.09036184428127274,0.8893229166666666,1.185293254283257,0.1640545247102624
2022,liquidity,20148,8624,0.4280325590629343,1536,0.07623585467540203,0.14517625231910947,0.8151041666666666,1.9043041222170685,0.24645669291338582
2022,stress,20148,11233,0.5575243200317649,1536,0.07623585467540203,0.10656102554971958,0.779296875,1.397780952327962,0.18748531599968674
2022,tool,20148,16246,0.8063331348024618,1536,0.07623585467540203,0.0912224547580943,0.96484375,1.19658204327219,0.16668541221459907
2022,drawdown_30,20148,1719,0.0853186420488386,1536,0.07623585467540203,0.21465968586387435,0.240234375,2.8157313481675392,0.22672811059907833
2022,vol_top_decile,20148,1318,0.06541592217589835,1536,0.07623585467540203,0.11380880121396054,0.09765625,1.492851384673748,0.10511562718990891
2022,below_200dma,20148,10678,0.5299781616041295,1536,0.07623585467540203,0.07960292189548604,0.5533854166666666,1.0441664520509457,0.13918454232847552
2022,any_baseline,20148,11622,0.5768314472900536,1536,0.07623585467540203,0.07984856307003958,0.6041666666666666,1.0473885733952848,0.1410548715610275
2023,market,21503,14746,0.6857647770078593,356,0.016555829419150816,0.021022650210226503,0.8707865168539326,1.2698035041306195,0.04105416501125679
2023,liquidity,21503,7858,0.3654373808305818,356,0.016555829419150816,0.03257826418936116,0.7191011235955056,1.9677820642242503,0.06233260287314342
2023,stress,21503,11679,0.543133516253546,356,0.016555829419150816,0.022433427519479406,0.7359550561797753,1.355016831324061,0.04353967594515995
2023,tool,21503,16055,0.7466400037204111,356,0.016555829419150816,0.021364061040174402,0.9634831460674157,1.2904252936709837,0.04180123088172568
2023,drawdown_30,21503,1424,0.06622331767660326,356,0.016555829419150816,0.06811797752808989,0.27247191011235955,4.114440648276733,0.10898876404494381
2023,vol_top_decile,21503,773,0.03594847230618983,356,0.016555829419150816,0.029754204398447608,0.06460674157303371,1.7972040932017386,0.04074402125775023
2023,below_200dma,21503,7958,0.3700878947123657,356,0.016555829419150816,0.02374968585071626,0.5308988764044944,1.4345210529436847,0.04546547991339909
2023,any_baseline,21503,8518,0.3961307724503558,356,0.016555829419150816,0.02324489316741019,0.5561797752808989,1.4040307240978127,0.04462474645030426
2024,market,22557,14178,0.6285410293922065,2473,0.10963337323225607,0.14078149245309635,0.8071168621107966,1.284111655990495,0.23974536063900065
2024,liquidity,22557,8103,0.3592233009708738,2473,0.10963337323225607,0.18388251264963593,0.6025070764253943,1.6772494289679893,0.2817700453857791
2024,stress,22557,11940,0.5293257082058784,2473,0.10963337323225607,0.15008375209380234,0.7246259603720178,1.3689604512656286,0.24866440019426905
2024,tool,22557,15920,0.7057676109411712,2473,0.10963337323225607,0.1402638190954774,0.9029518803073191,1.2793897967394594,0.24280976458435272
2024,drawdown_30,22557,717,0.0317861417741721,2473,0.10963337323225607,0.2733612273361227,0.07925596441568944,2.4934125374124223,0.12288401253918495
2024,vol_top_decile,22557,1517,0.06725185086669326,2473,0.10963337323225607,0.12722478576137114,0.07804286291953093,1.1604567296478967,0.09674185463659148
2024,below_200dma,22557,7188,0.3186593961963027,2473,0.10963337323225607,0.12993878686700056,0.3776789324706834,1.185211975478743,0.1933547251837284
2024,any_baseline,22557,8506,0.3770891519262313,2473,0.10963337323225607,0.12908535151657655,0.44399514759401537,1.1774275269548795,0.20001821659531835
