Universe,Outcome,Rule,Dates,Flagged,Flag rate,Events,Base rate,Precision,Recall,Lift,F1
all,observed path,market,174334,126690,0.7267085020707378,26306,0.15089426044259868,0.17136316994237905,0.8252870067665171,1.1356506830660196,0.283798269235797
all,observed path,liquidity,174334,64792,0.37165441049938625,26306,0.15089426044259868,0.19945363625138907,0.49125674751007375,1.32181062199687,0.2837164372434082
all,observed path,stress,174334,104624,0.6001353723312721,26306,0.15089426044259868,0.19649411224957944,0.7814947160343648,1.3021973908963045,0.31403039792255405
all,observed path,tool,174334,137328,0.7877293012263815,26306,0.15089426044259868,0.17110130490504485,0.8932182771991181,1.1339152622715765,0.28718970385127784
all,observed path,drawdown_30,174334,20301,0.1164488854727133,26306,0.15089426044259868,0.3388010442835328,0.2614612635900555,2.245287814723843,0.2951487973909499
all,observed path,vol_top_decile,174334,15958,0.09153693484919752,26306,0.15089426044259868,0.18348163930317082,0.11130540561088725,1.2159616857857136,0.13855763770584897
all,observed path,below_200dma,174334,81056,0.4649465967625363,26306,0.15089426044259868,0.2169734504540071,0.6685547023492739,1.437917186628483,0.327620573387232
all,observed path,any_baseline,174334,89404,0.5128316908921955,26306,0.15089426044259868,0.20788779025546955,0.7065308294685623,1.3777050872955612,0.3212514043730015
all,disappearance counted as event,market,174430,126764,0.726732786791263,29674,0.17011981883850255,0.1922785648922407,0.821392464783986,1.1302537599970865,0.3116122681189992
all,disappearance counted as event,liquidity,174430,64865,0.3718683712664106,29674,0.17011981883850255,0.23431742850535728,0.5121992316506032,1.3773670234612614,0.32153925893017693
all,disappearance counted as event,stress,174430,104700,0.6002407842687612,29674,0.17011981883850255,0.22205348615090736,0.7834804879692661,1.305276996336954,0.34603420304523197
all,disappearance counted as event,tool,174430,137411,0.7877715989222037,29674,0.17011981883850255,0.19322324995815474,0.8947563523623374,1.1358068170856956,0.3178142861417841
all,disappearance counted as event,drawdown_30,174430,20339,0.11660264862695638,29674,0.17011981883850255,0.3823196814002655,0.26204758374334436,2.247355328794511,0.3109591506208386
all,disappearance counted as event,vol_top_decile,174430,15970,0.09155535171702116,29674,0.17011981883850255,0.20294301815904822,0.10922019276133989,1.1929416545623368,0.14201209359390063
all,disappearance counted as event,below_200dma,174430,81115,0.46502895144183914,29674,0.17011981883850255,0.24043641743204092,0.6572420300599852,1.4133357246300093,0.352074664452247
all,disappearance counted as event,any_baseline,174430,89464,0.5128934242962793,29674,0.17011981883850255,0.23050612536886345,0.6949518096650267,1.3549633837059665,0.3461867750004197
liquid,observed path,market,87155,54016,0.6197693763983707,9213,0.10570822098560037,0.12964677132701422,0.760121567350483,1.2264587381966703,0.22151228075724747
liquid,observed path,liquidity,87155,15067,0.17287591073375022,9213,0.10570822098560037,0.1762792858565076,0.2882882882882883,1.6676024268776641,0.21878088962108733
liquid,observed path,stress,87155,32734,0.37558373013596463,9213,0.10570822098560037,0.17300054988696767,0.6146749158797351,1.636585577488187,0.2700073902782082
liquid,observed path,tool,87155,57386,0.6584361195571109,9213,0.10570822098560037,0.13172202279301573,0.8204710734831216,1.246090621570095,0.2270004054114927
liquid,observed path,drawdown_30,87155,5304,0.06085709368366703,9213,0.10570822098560037,0.26357466063348417,0.15174210354933246,2.493416861772638,0.19260177722669974
liquid,observed path,vol_top_decile,87155,8172,0.09376398370718834,9213,0.10570822098560037,0.1371757219774841,0.12167589276023011,1.2976826276943043,0.12896174863387977
liquid,observed path,below_200dma,87155,31879,0.36577362170845046,9213,0.10570822098560037,0.15063207754321026,0.5212200151959188,1.4249797805577433,0.2337194587754307
liquid,observed path,any_baseline,87155,36945,0.4238999483678504,9213,0.10570822098560037,0.14359182568683176,0.5758167806360578,1.3583789827131034,0.22986264569522077
liquid,disappearance counted as event,market,87174,54026,0.6197490077316631,9993,0.11463280335879965,0.13937733683781883,0.7535274692284599,1.2158590975182646,0.23524266233461943
liquid,disappearance counted as event,liquidity,87174,15071,0.17288411682382362,9993,0.11463280335879965,0.18538915798553512,0.27959571700190133,1.617243516284503,0.22294924992020426
liquid,disappearance counted as event,stress,87174,32741,0.37558216899534264,9993,0.11463280335879965,0.1823401850890321,0.5974181927349145,1.590645781542208,0.2794028174287453
liquid,disappearance counted as event,tool,87174,57397,0.6584187945947186,9993,0.11463280335879965,0.14152307611896092,0.8128690083058141,1.2345774679870207,0.24107434337438788
liquid,disappearance counted as event,drawdown_30,87174,5305,0.06085530089246794,9993,0.11463280335879965,0.2710650329877474,0.14390073051135796,2.364637564862793,0.18799843116747286
liquid,disappearance counted as event,vol_top_decile,87174,8173,0.09375501869823571,9993,0.11463280335879965,0.1442554753456503,0.11798258781146803,1.258413570277366,0.12980292854783662
liquid,disappearance counted as event,below_200dma,87174,31883,0.36573978479821967,9993,0.11463280335879965,0.15810933726437287,0.5044531171820275,1.3792678241453458,0.24075842964944122
liquid,disappearance counted as event,any_baseline,87174,36949,0.42385344254020696,9993,0.11463280335879965,0.15112722942434165,0.5587911538076654,1.3183593613366915,0.2379106130970133
"all, excluding unexplained ±40% moves",observed path,market,162342,116801,0.71947493562972,23226,0.14306833721402964,0.16379140589549748,0.8236889692585895,1.1448473441783713,0.2732473023059839
"all, excluding unexplained ±40% moves",observed path,liquidity,162342,59485,0.36641780931613505,23226,0.14306833721402964,0.19048499621753384,0.4878584345130457,1.3314266449645604,0.27399015850370567
"all, excluding unexplained ±40% moves",observed path,stress,162342,96265,0.5929765556664326,23226,0.14306833721402964,0.18849010543811354,0.7812365452510118,1.3174830232082246,0.30370488153919545
"all, excluding unexplained ±40% moves",observed path,tool,162342,126783,0.7809624126843331,23226,0.14306833721402964,0.16343673836397624,0.8921467321105657,1.1423683363250077,0.2762634241945483
"all, excluding unexplained ±40% moves",observed path,drawdown_30,162342,18208,0.11215828313067475,23226,0.14306833721402964,0.3311731107205624,0.2596228364763627,2.314789681417271,0.29106530868368974
"all, excluding unexplained ±40% moves",observed path,vol_top_decile,162342,14431,0.08889258479013441,23226,0.14306833721402964,0.16367542096874785,0.10169637475243262,1.144036648192046,0.1254481238547946
"all, excluding unexplained ±40% moves",observed path,below_200dma,162342,75036,0.4622094097645711,23226,0.14306833721402964,0.20831334292872755,0.6729957805907173,1.4560408472287731,0.31814943721886385
"all, excluding unexplained ±40% moves",observed path,any_baseline,162342,82881,0.5105333185497284,23226,0.14306833721402964,0.199020282091191,0.7101954705933006,1.3910854488611095,0.3109125693875051
"all, excluding unexplained ±40% moves",disappearance counted as event,market,162429,116867,0.7194959028252345,26373,0.16236632621022107,0.18494527967689767,0.8195502976529025,1.1390617992886214,0.30178721027645905
"all, excluding unexplained ±40% moves",disappearance counted as event,liquidity,162429,59550,0.36662172395323495,26373,0.16236632621022107,0.22587741393786734,0.5100291965267508,1.3911592336296157,0.3130942820897781
"all, excluding unexplained ±40% moves",disappearance counted as event,stress,162429,96333,0.5930775908242986,26373,0.16236632621022107,0.2142567967363209,0.7826185871914458,1.3195888688083977,0.33641386729255296
"all, excluding unexplained ±40% moves",disappearance counted as event,tool,162429,126858,0.7810058548658183,26373,0.16236632621022107,0.18577464566680857,0.8936033064118606,1.1441697918710063,0.3076009423680586
"all, excluding unexplained ±40% moves",disappearance counted as event,drawdown_30,162429,18241,0.11230137475450812,26373,0.16236632621022107,0.3773915903733348,0.26102453266598413,2.3243217924676904,0.3086026807728516
"all, excluding unexplained ±40% moves",disappearance counted as event,vol_top_decile,162429,14442,0.08891269416175683,26373,0.16236632621022107,0.18349259105387067,0.10048155310355288,1.1301148171345377,0.1298542202621585
"all, excluding unexplained ±40% moves",disappearance counted as event,below_200dma,162429,75087,0.462275825129749,26373,0.16236632621022107,0.23214404623969528,0.6609411140181246,1.4297548737977275,0.34360339049871874
"all, excluding unexplained ±40% moves",disappearance counted as event,any_baseline,162429,82933,0.5105800072647125,26373,0.16236632621022107,0.221998480701289,0.6981003298828348,1.3672692231384247,0.3368708030666203
