symbol,quarter_end,promoter_holding_pct,pledged_pct_of_promoter,pledged_pct_of_total,pledged_shares,disclosure_date,source
RELIANCE,2026-06-30,50.48,0.0,0.0,0.0,2026-07-16,https://nsearchives.nseindia.com/corporate/xbrl/SHP_1694620_16072026072434_WEB.xml
RELIANCE,2026-03-31,50.0,0.0,0.0,0.0,2026-04-21,https://nsearchives.nseindia.com/corporate/xbrl/SHP_1655961_21042026012504_WEB.xml
RELIANCE,2025-12-31,50.01,0.0,0.0,0.0,2026-01-21,https://nsearchives.nseindia.com/corporate/xbrl/SHP_1607627_21012026071311_WEB.xml
RELIANCE,2025-09-30,50.01,0.0,0.0,0.0,2025-10-17,https://nsearchives.nseindia.com/corporate/xbrl/SHP_1552885_17102025081647_WEB.xml
RELIANCE,2025-06-30,50.07,0.0,0.0,0.0,2025-07-21,https://nsearchives.nseindia.com/corporate/xbrl/SHP_1489727_21072025081003_WEB.xml
HDFCBANK,2026-06-30,0.0,0.0,0.0,0.0,2026-07-03,https://nsearchives.nseindia.com/corporate/xbrl/SHP_1687801_03072026023346_WEB.xml
HDFCBANK,2026-03-31,0.0,0.0,0.0,0.0,2026-04-02,https://nsearchives.nseindia.com/corporate/xbrl/SHP_1645257_02042026124041_WEB.xml
HDFCBANK,2025-12-31,0.0,0.0,0.0,0.0,2026-01-07,https://nsearchives.nseindia.com/corporate/xbrl/SHP_1595863_07012026112853_WEB.xml
HDFCBANK,2025-09-30,0.0,0.0,0.0,0.0,2025-10-08,https://nsearchives.nseindia.com/corporate/xbrl/SHP_1574385_13112025090903_WEB.xml
HDFCBANK,2025-08-28,0.0,0.0,0.0,0.0,2025-08-29,https://nsearchives.nseindia.com/corporate/xbrl/SHP_1519065_29082025010045_WEB.xml
HDFCBANK,2025-06-30,0.0,0.0,0.0,0.0,2025-07-09,https://nsearchives.nseindia.com/corporate/xbrl/SHP_1479249_09072025025118_WEB.xml
TCS,2026-06-30,71.77,0.0,0.0,0.0,2026-07-21,https://nsearchives.nseindia.com/corporate/xbrl/SHP_1698205_21072026034350_WEB.xml
TCS,2026-03-31,71.77,0.0,0.0,0.0,2026-09-17,https://nsearchives.nseindia.com/corporate/xbrl/SHP_1724789_16092026073806_WEB.xml
TCS,2025-12-31,71.77,0.0,0.0,0.0,2026-01-21,https://nsearchives.nseindia.com/corporate/xbrl/SHP_1607586_21012026065700_WEB.xml
TCS,2025-09-30,71.77,0.0,0.0,0.0,2025-10-20,https://nsearchives.nseindia.com/corporate/xbrl/SHP_1554491_20102025054919_WEB.xml
TCS,2025-06-30,71.77,0.0,0.0,0.0,2025-07-21,https://nsearchives.nseindia.com/corporate/xbrl/SHP_1489819_21072025085729_WEB.xml
ASIANPAINT,2026-06-30,52.63,9.54,5.02,48142227.0,2026-07-18,https://nsearchives.nseindia.com/corporate/xbrl/SHP_1696081_18072026032420_WEB.xml
ASIANPAINT,2026-03-31,52.63,9.85,5.19,49742727.0,2026-04-20,https://nsearchives.nseindia.com/corporate/xbrl/SHP_1655573_20042026075747_WEB.xml
ASIANPAINT,2025-12-31,52.63,8.6,4.53,43422727.0,2026-01-19,https://nsearchives.nseindia.com/corporate/xbrl/SHP_1604886_19012026081432_WEB.xml
ASIANPAINT,2025-09-30,52.63,9.09,4.78,45862727.0,2025-10-18,https://nsearchives.nseindia.com/corporate/xbrl/SHP_1553918_18102025094214_WEB.xml
ASIANPAINT,2025-06-30,52.63,9.38,4.94,47343727.0,2025-07-21,https://nsearchives.nseindia.com/corporate/xbrl/SHP_1489197_21072025054815_WEB.xml
BRITANNIA,2026-06-30,50.55,0.0,0.0,0.0,2026-07-21,https://nsearchives.nseindia.com/corporate/xbrl/SHP_1698664_21072026063328_WEB.xml
BRITANNIA,2026-03-31,50.55,0.0,0.0,0.0,2026-04-21,https://nsearchives.nseindia.com/corporate/xbrl/SHP_1656777_21042026080236_WEB.xml
BRITANNIA,2025-12-31,50.55,0.0,0.0,0.0,2026-01-21,https://nsearchives.nseindia.com/corporate/xbrl/SHP_1607252_21012026051001_WEB.xml
BRITANNIA,2025-09-30,50.55,0.0,0.0,0.0,2025-10-21,https://nsearchives.nseindia.com/corporate/xbrl/SHP_1555046_21102025082217_WEB.xml
BRITANNIA,2025-06-30,50.55,0.0,0.0,0.0,2025-07-21,https://nsearchives.nseindia.com/corporate/xbrl/SHP_1488437_21072025125300_WEB.xml
JPPOWER,2026-06-30,24.0,72.99,17.52,1200509465.0,2026-07-13,https://nsearchives.nseindia.com/corporate/xbrl/SHP_1691416_13072026035716_WEB.xml
JPPOWER,2026-03-31,24.0,72.99,17.52,1200509431.0,2026-04-07,https://nsearchives.nseindia.com/corporate/xbrl/SHP_1646699_07042026040615_WEB.xml
JPPOWER,2025-12-31,24.0,72.99,17.52,1200509431.0,2026-01-14,https://nsearchives.nseindia.com/corporate/xbrl/SHP_1600397_14012026111257_WEB.xml
JPPOWER,2025-09-30,24.0,72.99,17.52,1200509431.0,2025-10-11,https://nsearchives.nseindia.com/corporate/xbrl/SHP_1545063_11102025124355_WEB.xml
JPPOWER,2025-06-30,24.0,72.99,17.52,1200509431.0,2025-07-15,https://nsearchives.nseindia.com/corporate/xbrl/SHP_1483024_15072025031139_WEB.xml
COHANCE,2026-06-30,57.49,94.56,54.36,207974582.0,2026-07-17,https://nsearchives.nseindia.com/corporate/xbrl/SHP_1695778_17072026082832_WEB.xml
COHANCE,2026-03-31,57.49,0.0,0.0,0.0,2026-04-21,https://nsearchives.nseindia.com/corporate/xbrl/SHP_1656383_21042026050916_WEB.xml
COHANCE,2025-12-31,57.49,0.0,0.0,0.0,2026-01-21,https://nsearchives.nseindia.com/corporate/xbrl/SHP_1607146_21012026043514_WEB.xml
COHANCE,2025-09-30,57.49,0.0,0.0,0.0,2025-10-16,https://nsearchives.nseindia.com/corporate/xbrl/SHP_1550889_16102025071521_WEB.xml
COHANCE,2025-06-30,66.41,0.0,0.0,0.0,2025-07-21,https://nsearchives.nseindia.com/corporate/xbrl/SHP_1489448_21072025064709_WEB.xml
AFCONS,2026-06-30,50.17,100.0,50.17,184500996.0,2026-07-21,https://nsearchives.nseindia.com/corporate/xbrl/SHP_1698053_21072026022729_WEB.xml
AFCONS,2026-03-31,50.17,60.13,30.17,110942396.0,2026-04-20,https://nsearchives.nseindia.com/corporate/xbrl/SHP_1654683_20042026125127_WEB.xml
AFCONS,2025-12-31,50.17,53.5,26.84,98707456.0,2026-01-19,https://nsearchives.nseindia.com/corporate/xbrl/SHP_1604360_19012026044812_WEB.xml
AFCONS,2025-09-30,50.17,53.5,26.84,98707456.0,2025-10-17,https://nsearchives.nseindia.com/corporate/xbrl/SHP_1551813_17102025034345_WEB.xml
AFCONS,2025-06-30,50.17,53.5,26.84,98707456.0,2025-07-21,https://nsearchives.nseindia.com/corporate/xbrl/SHP_1488700_21072025031315_WEB.xml
MPHASIS,2026-06-30,30.54,100.0,30.54,58299642.0,2026-07-16,https://nsearchives.nseindia.com/corporate/xbrl/SHP_1694166_16072026035531_WEB.xml
MPHASIS,2026-03-31,30.55,0.0,0.0,0.0,2026-04-19,https://nsearchives.nseindia.com/corporate/xbrl/SHP_1654432_19042026104311_WEB.xml
MPHASIS,2025-12-31,30.59,0.0,0.0,0.0,2026-01-16,https://nsearchives.nseindia.com/corporate/xbrl/SHP_1602802_16012026065833_WEB.xml
MPHASIS,2025-09-30,40.1,0.0,0.0,0.0,2025-10-17,https://nsearchives.nseindia.com/corporate/xbrl/SHP_1552713_17102025070929_WEB.xml
MPHASIS,2025-06-30,40.1,0.0,0.0,0.0,2025-07-21,https://nsearchives.nseindia.com/corporate/xbrl/SHP_1489749_21072025082023_WEB.xml
SWANCORP,2026-06-30,53.96,39.55,21.34,66891000.0,2026-07-15,https://nsearchives.nseindia.com/corporate/xbrl/SHP_1693250_15072026042636_WEB.xml
SWANCORP,2026-03-31,53.96,36.89,19.9,62391000.0,2026-04-08,https://nsearchives.nseindia.com/corporate/xbrl/SHP_1647152_08042026124052_WEB.xml
SWANCORP,2025-12-31,53.96,8.27,4.46,13991000.0,2026-01-16,https://nsearchives.nseindia.com/corporate/xbrl/SHP_1601878_16012026104024_WEB.xml
SWANCORP,2025-09-30,53.96,8.27,4.46,13991000.0,2025-10-17,https://nsearchives.nseindia.com/corporate/xbrl/SHP_1552761_17102025072229_WEB.xml
SWANCORP,2025-06-30,53.96,8.27,4.46,13991000.0,2025-07-17,https://nsearchives.nseindia.com/corporate/xbrl/SHP_1485256_17072025025225_WEB.xml
ASHOKLEY,2026-06-30,51.51,40.1,20.49,1203500000.0,2026-07-20,https://nsearchives.nseindia.com/corporate/xbrl/SHP_1697453_20072026072032_WEB.xml
ASHOKLEY,2026-03-31,51.51,40.1,20.49,1203500000.0,2026-04-21,https://nsearchives.nseindia.com/corporate/xbrl/SHP_1656064_21042026023508_WEB.xml
ASHOKLEY,2025-12-31,51.51,40.93,20.91,1228500000.0,2026-01-30,https://nsearchives.nseindia.com/corporate/xbrl/SHP_1612779_29012026025157_WEB.xml
ASHOKLEY,2025-09-30,51.51,41.15,21.03,1235000000.0,2025-10-17,https://nsearchives.nseindia.com/corporate/xbrl/SHP_1552068_17102025044745_WEB.xml
ASHOKLEY,2025-07-17,51.52,41.15,21.03,1235000000.0,2025-07-21,https://nsearchives.nseindia.com/corporate/xbrl/SHP_1489150_21072025053637_WEB.xml
ASHOKLEY,2025-06-30,51.52,41.15,21.03,617500000.0,2025-07-21,https://nsearchives.nseindia.com/corporate/xbrl/SHP_1489143_21072025053458_WEB.xml
