symbol,measure,stage,date_in,date_out,source
A2ZINFRA,ASM-LT,Stage I,2026-10-02,,https://www.nseindia.com/api/reportASM
AAREYDRUGS,ASM-LT,Stage I,2026-10-02,,https://www.nseindia.com/api/reportASM
AEPL,ASM-LT,Stage I,2026-10-02,,https://www.nseindia.com/api/reportASM
AEQUS,ASM-LT,Stage I,2026-10-02,,https://www.nseindia.com/api/reportASM
AHCL,ASM-LT,Stage I,2026-10-02,,https://www.nseindia.com/api/reportASM
AIMTRON,ASM-LT,Stage I,2026-10-02,,https://www.nseindia.com/api/reportASM
AKANKSHA,ASM-LT,Stage I,2026-10-02,,https://www.nseindia.com/api/reportASM
AKG,ASM-LT,Stage I,2026-10-02,,https://www.nseindia.com/api/reportASM
ALLCARGO,ASM-LT,Stage I,2026-10-02,,https://www.nseindia.com/api/reportASM
ANTELOPUS,ASM-LT,Stage I,2026-10-02,,https://www.nseindia.com/api/reportASM
ARENTERP,ASM-LT,Stage I,2026-10-02,,https://www.nseindia.com/api/reportASM
ARVEE,ASM-LT,Stage I,2026-10-02,,https://www.nseindia.com/api/reportASM
ASHIMASYN,ASM-LT,Stage I,2026-10-02,,https://www.nseindia.com/api/reportASM
ASSAMENT,ASM-LT,Stage I,2026-10-02,,https://www.nseindia.com/api/reportASM
ATALREAL,ASM-LT,Stage I,2026-10-02,,https://www.nseindia.com/api/reportASM
AVALON,ASM-LT,Stage I,2026-10-02,,https://www.nseindia.com/api/reportASM
BETA,ASM-LT,Stage I,2026-10-02,,https://www.nseindia.com/api/reportASM
BHAGERIA,ASM-LT,Stage I,2026-10-02,,https://www.nseindia.com/api/reportASM
BIRLACABLE,ASM-LT,Stage I,2026-10-02,,https://www.nseindia.com/api/reportASM
BLISSGVS,ASM-LT,Stage IV,2026-10-02,,https://www.nseindia.com/api/reportASM
BLUESTONE,ASM-LT,Stage I,2026-10-02,,https://www.nseindia.com/api/reportASM
BODALCHEM,ASM-LT,Stage IV,2026-10-02,,https://www.nseindia.com/api/reportASM
CELLPOINT,ASM-LT,Stage I,2026-10-02,,https://www.nseindia.com/api/reportASM
CNL,ASM-LT,Stage I,2026-10-02,,https://www.nseindia.com/api/reportASM
CUPID,ASM-LT,Stage I,2026-10-02,,https://www.nseindia.com/api/reportASM
CYIENTDLM,ASM-LT,Stage I,2026-10-02,,https://www.nseindia.com/api/reportASM
DHTL,ASM-LT,Stage I,2026-10-02,,https://www.nseindia.com/api/reportASM
DPABHUSHAN,ASM-LT,Stage I,2026-10-02,,https://www.nseindia.com/api/reportASM
ELITECON,ASM-LT,Stage I,2026-10-02,,https://www.nseindia.com/api/reportASM
ESDS,ASM-LT,Stage I,2026-10-02,,https://www.nseindia.com/api/reportASM
FILATEX,ASM-LT,Stage I,2026-10-02,,https://www.nseindia.com/api/reportASM
GANDHAR,ASM-LT,Stage I,2026-10-02,,https://www.nseindia.com/api/reportASM
GANGAFORGE,ASM-LT,Stage I,2026-10-02,,https://www.nseindia.com/api/reportASM
GAYAPROJ,ASM-LT,Stage I,2026-10-02,,https://www.nseindia.com/api/reportASM
GCSL,ASM-LT,Stage I,2026-10-02,,https://www.nseindia.com/api/reportASM
GNA,ASM-LT,Stage I,2026-10-02,,https://www.nseindia.com/api/reportASM
GOACARBON,ASM-LT,Stage I,2026-10-02,,https://www.nseindia.com/api/reportASM
GOLDKART,ASM-LT,Stage I,2026-10-02,,https://www.nseindia.com/api/reportASM
GREENCHEF,ASM-LT,Stage I,2026-10-02,,https://www.nseindia.com/api/reportASM
GSLSU,ASM-LT,Stage I,2026-10-02,,https://www.nseindia.com/api/reportASM
HAVISHA,ASM-LT,Stage I,2026-10-02,,https://www.nseindia.com/api/reportASM
HFCL,ASM-LT,Stage IV,2026-10-02,,https://www.nseindia.com/api/reportASM
INDORAMA,ASM-LT,Stage I,2026-10-02,,https://www.nseindia.com/api/reportASM
INDOTHAI,ASM-LT,Stage I,2026-10-02,,https://www.nseindia.com/api/reportASM
INDSWFTLAB,ASM-LT,Stage I,2026-10-02,,https://www.nseindia.com/api/reportASM
IOLCP,ASM-LT,Stage I,2026-10-02,,https://www.nseindia.com/api/reportASM
IPRINGLTD,ASM-LT,Stage I,2026-10-02,,https://www.nseindia.com/api/reportASM
IVC,ASM-LT,Stage I,2026-10-02,,https://www.nseindia.com/api/reportASM
JAYSREETEA,ASM-LT,Stage I,2026-10-02,,https://www.nseindia.com/api/reportASM
JINDWORLD,ASM-LT,Stage I,2026-10-02,,https://www.nseindia.com/api/reportASM
KABRAEXTRU,ASM-LT,Stage IV,2026-10-02,,https://www.nseindia.com/api/reportASM
KAMANWALA,ASM-LT,Stage I,2026-10-02,,https://www.nseindia.com/api/reportASM
KAPSTON,ASM-LT,Stage I,2026-10-02,,https://www.nseindia.com/api/reportASM
LANDSMILL,ASM-LT,Stage I,2026-10-02,,https://www.nseindia.com/api/reportASM
LGHL,ASM-LT,Stage I,2026-10-02,,https://www.nseindia.com/api/reportASM
MACPOWER,ASM-LT,Stage I,2026-10-02,,https://www.nseindia.com/api/reportASM
MAHAPEXLTD,ASM-LT,Stage I,2026-10-02,,https://www.nseindia.com/api/reportASM
MANGALAM,ASM-LT,Stage I,2026-10-02,,https://www.nseindia.com/api/reportASM
MANINDS,ASM-LT,Stage I,2026-10-02,,https://www.nseindia.com/api/reportASM
MENONBE,ASM-LT,Stage I,2026-10-02,,https://www.nseindia.com/api/reportASM
MILKYMIST,ASM-LT,Stage IV,2026-10-02,,https://www.nseindia.com/api/reportASM
MODISONLTD,ASM-LT,Stage IV,2026-10-02,,https://www.nseindia.com/api/reportASM
MOREPENLAB,ASM-LT,Stage I,2026-10-02,,https://www.nseindia.com/api/reportASM
MPSLTD,ASM-LT,Stage I,2026-10-02,,https://www.nseindia.com/api/reportASM
MTARTECH,ASM-LT,Stage IV,2026-10-02,,https://www.nseindia.com/api/reportASM
NATIONSTD,ASM-LT,Stage I,2026-10-02,,https://www.nseindia.com/api/reportASM
NECLIFE,ASM-LT,Stage I,2026-10-02,,https://www.nseindia.com/api/reportASM
NIBL,ASM-LT,Stage I,2026-10-02,,https://www.nseindia.com/api/reportASM
NICCOPAR,ASM-LT,Stage I,2026-10-02,,https://www.nseindia.com/api/reportASM
ONIXSOLAR,ASM-LT,Stage I,2026-10-02,,https://www.nseindia.com/api/reportASM
PAISALO,ASM-LT,Stage I,2026-10-02,,https://www.nseindia.com/api/reportASM
PARASPETRO,ASM-LT,Stage I,2026-10-02,,https://www.nseindia.com/api/reportASM
PEARLPOLY,ASM-LT,Stage I,2026-10-02,,https://www.nseindia.com/api/reportASM
POLYSIL,ASM-LT,Stage II,2026-10-02,,https://www.nseindia.com/api/reportASM
PRAENG,ASM-LT,Stage I,2026-10-02,,https://www.nseindia.com/api/reportASM
PVP,ASM-LT,Stage I,2026-10-02,,https://www.nseindia.com/api/reportASM
QUICKTOUCH,ASM-LT,Stage I,2026-10-02,,https://www.nseindia.com/api/reportASM
RAJSREESUG,ASM-LT,Stage I,2026-10-02,,https://www.nseindia.com/api/reportASM
RANASUG,ASM-LT,Stage I,2026-10-02,,https://www.nseindia.com/api/reportASM
RAYMOND,ASM-LT,Stage I,2026-10-02,,https://www.nseindia.com/api/reportASM
RPEL,ASM-LT,Stage I,2026-10-02,,https://www.nseindia.com/api/reportASM
RUBICON,ASM-LT,Stage I,2026-10-02,,https://www.nseindia.com/api/reportASM
SABEVENTS,ASM-LT,Stage I,2026-10-02,,https://www.nseindia.com/api/reportASM
SAHASRA,ASM-LT,Stage I,2026-10-02,,https://www.nseindia.com/api/reportASM
SAKAR,ASM-LT,Stage I,2026-10-02,,https://www.nseindia.com/api/reportASM
SALSTEEL,ASM-LT,Stage I,2026-10-02,,https://www.nseindia.com/api/reportASM
SAMBANDAM,ASM-LT,Stage I,2026-10-02,,https://www.nseindia.com/api/reportASM
SANSERA,ASM-LT,Stage I,2026-10-02,,https://www.nseindia.com/api/reportASM
SBCL,ASM-LT,Stage I,2026-10-02,,https://www.nseindia.com/api/reportASM
SECMARK,ASM-LT,Stage I,2026-10-02,,https://www.nseindia.com/api/reportASM
SETL,ASM-LT,Stage I,2026-10-02,,https://www.nseindia.com/api/reportASM
SHILPAMED,ASM-LT,Stage I,2026-10-02,,https://www.nseindia.com/api/reportASM
SHIVAMAUTO,ASM-LT,Stage I,2026-10-02,,https://www.nseindia.com/api/reportASM
SHREEJISPG,ASM-LT,Stage I,2026-10-02,,https://www.nseindia.com/api/reportASM
SIEL,ASM-LT,Stage I,2026-10-02,,https://www.nseindia.com/api/reportASM
SIGMAADV,ASM-LT,Stage IV,2026-10-02,,https://www.nseindia.com/api/reportASM
SKMEGGPROD,ASM-LT,Stage I,2026-10-02,,https://www.nseindia.com/api/reportASM
SKYGOLD,ASM-LT,Stage I,2026-10-02,,https://www.nseindia.com/api/reportASM
SRGHFL,ASM-LT,Stage I,2026-10-02,,https://www.nseindia.com/api/reportASM
STLNETWORK,ASM-LT,Stage I,2026-10-02,,https://www.nseindia.com/api/reportASM
STLSTRINF,ASM-LT,Stage I,2026-10-02,,https://www.nseindia.com/api/reportASM
STLTECH,ASM-LT,Stage IV,2026-10-02,,https://www.nseindia.com/api/reportASM
SUMEETINDS,ASM-LT,Stage II,2026-10-02,,https://www.nseindia.com/api/reportASM
SVGLOBAL,ASM-LT,Stage I,2026-10-02,,https://www.nseindia.com/api/reportASM
TAKE,ASM-LT,Stage I,2026-10-02,,https://www.nseindia.com/api/reportASM
TATVA,ASM-LT,Stage I,2026-10-02,,https://www.nseindia.com/api/reportASM
TBZ,ASM-LT,Stage IV,2026-10-02,,https://www.nseindia.com/api/reportASM
TEJA,ASM-LT,Stage I,2026-10-02,,https://www.nseindia.com/api/reportASM
TICL,ASM-LT,Stage IV,2026-10-02,,https://www.nseindia.com/api/reportASM
TIRUPATI,ASM-LT,Stage I,2026-10-02,,https://www.nseindia.com/api/reportASM
TOYAMSL,ASM-LT,Stage I,2026-10-02,,https://www.nseindia.com/api/reportASM
UFBL,ASM-LT,Stage IV,2026-10-02,,https://www.nseindia.com/api/reportASM
VENUSREM,ASM-LT,Stage IV,2026-10-02,,https://www.nseindia.com/api/reportASM
VGL,ASM-LT,Stage I,2026-10-02,,https://www.nseindia.com/api/reportASM
VISHWARAJ,ASM-LT,Stage I,2026-10-02,,https://www.nseindia.com/api/reportASM
VISL,ASM-LT,Stage I,2026-10-02,,https://www.nseindia.com/api/reportASM
VIVIDEL,ASM-LT,Stage I,2026-10-02,,https://www.nseindia.com/api/reportASM
VMARCIND,ASM-LT,Stage I,2026-10-02,,https://www.nseindia.com/api/reportASM
VPRPL,ASM-LT,Stage I,2026-10-02,,https://www.nseindia.com/api/reportASM
VSCL,ASM-LT,Stage I,2026-10-02,,https://www.nseindia.com/api/reportASM
WEL,ASM-LT,Stage I,2026-10-02,,https://www.nseindia.com/api/reportASM
WELCORP,ASM-LT,Stage I,2026-10-02,,https://www.nseindia.com/api/reportASM
WHEELS,ASM-LT,Stage I,2026-10-02,,https://www.nseindia.com/api/reportASM
XTRANET,ASM-LT,Stage I,2026-10-02,,https://www.nseindia.com/api/reportASM
YASHO,ASM-LT,Stage I,2026-10-02,,https://www.nseindia.com/api/reportASM
ZENITHEXPO,ASM-LT,Stage I,2026-10-02,,https://www.nseindia.com/api/reportASM
ABH,ASM-ST,Stage I,2026-10-02,,https://www.nseindia.com/api/reportASM
ADISOFT,ASM-ST,Stage I,2026-10-02,,https://www.nseindia.com/api/reportASM
AMEYA,ASM-ST,Stage I,2026-10-02,,https://www.nseindia.com/api/reportASM
ANSALBU,ASM-ST,Stage I,2026-10-02,,https://www.nseindia.com/api/reportASM
ASTEC,ASM-ST,Stage I,2026-10-02,,https://www.nseindia.com/api/reportASM
AUSTENG,ASM-ST,Stage I,2026-10-02,,https://www.nseindia.com/api/reportASM
AVIENCE,ASM-ST,Stage I,2026-10-02,,https://www.nseindia.com/api/reportASM
BMETRICS,ASM-ST,Stage I,2026-10-02,,https://www.nseindia.com/api/reportASM
BOHRAIND,ASM-ST,Stage I,2026-10-02,,https://www.nseindia.com/api/reportASM
BPLPHARMA,ASM-ST,Stage I,2026-10-02,,https://www.nseindia.com/api/reportASM
BRACEPORT,ASM-ST,Stage I,2026-10-02,,https://www.nseindia.com/api/reportASM
CAPILLARY,ASM-ST,Stage I,2026-10-02,,https://www.nseindia.com/api/reportASM
CENTUM,ASM-ST,Stage I,2026-10-02,,https://www.nseindia.com/api/reportASM
COMFINTE,ASM-ST,Stage I,2026-10-02,,https://www.nseindia.com/api/reportASM
DELTACORP,ASM-ST,Stage I,2026-10-02,,https://www.nseindia.com/api/reportASM
DHARIWAL,ASM-ST,Stage I,2026-10-02,,https://www.nseindia.com/api/reportASM
DUCON,ASM-ST,Stage II,2026-10-02,,https://www.nseindia.com/api/reportASM
FASCINATE,ASM-ST,Stage I,2026-10-02,,https://www.nseindia.com/api/reportASM
FRONTSP,ASM-ST,Stage I,2026-10-02,,https://www.nseindia.com/api/reportASM
FWSTC,ASM-ST,Stage I,2026-10-02,,https://www.nseindia.com/api/reportASM
GEEKAYWIRE,ASM-ST,Stage I,2026-10-02,,https://www.nseindia.com/api/reportASM
GMMPFAUDLR,ASM-ST,Stage I,2026-10-02,,https://www.nseindia.com/api/reportASM
GOLDSTAR,ASM-ST,Stage I,2026-10-02,,https://www.nseindia.com/api/reportASM
HEROMOTORS,ASM-ST,Stage I,2026-10-02,,https://www.nseindia.com/api/reportASM
HLEGLAS,ASM-ST,Stage I,2026-10-02,,https://www.nseindia.com/api/reportASM
JAYKAY,ASM-ST,Stage I,2026-10-02,,https://www.nseindia.com/api/reportASM
KDL,ASM-ST,Stage I,2026-10-02,,https://www.nseindia.com/api/reportASM
KOPRAN,ASM-ST,Stage I,2026-10-02,,https://www.nseindia.com/api/reportASM
KPIGREEN,ASM-ST,Stage I,2026-10-02,,https://www.nseindia.com/api/reportASM
KRISHCA,ASM-ST,Stage I,2026-10-02,,https://www.nseindia.com/api/reportASM
LAKSHYA,ASM-ST,Stage I,2026-10-02,,https://www.nseindia.com/api/reportASM
LALITHAA,ASM-ST,Stage I,2026-10-02,,https://www.nseindia.com/api/reportASM
MADHURKNIT,ASM-ST,Stage I,2026-10-02,,https://www.nseindia.com/api/reportASM
MEDICO,ASM-ST,Stage I,2026-10-02,,https://www.nseindia.com/api/reportASM
MOS,ASM-ST,Stage I,2026-10-02,,https://www.nseindia.com/api/reportASM
MPEL,ASM-ST,Stage I,2026-10-02,,https://www.nseindia.com/api/reportASM
MUKANDLTD,ASM-ST,Stage I,2026-10-02,,https://www.nseindia.com/api/reportASM
MVELECTRO,ASM-ST,Stage I,2026-10-02,,https://www.nseindia.com/api/reportASM
MVGJL,ASM-ST,Stage I,2026-10-02,,https://www.nseindia.com/api/reportASM
NAMOEWASTE,ASM-ST,Stage I,2026-10-02,,https://www.nseindia.com/api/reportASM
OPTIEMUS,ASM-ST,Stage I,2026-10-02,,https://www.nseindia.com/api/reportASM
PANORAMA,ASM-ST,Stage I,2026-10-02,,https://www.nseindia.com/api/reportASM
PARAMOUNT,ASM-ST,Stage I,2026-10-02,,https://www.nseindia.com/api/reportASM
PCJEWELLER,ASM-ST,Stage I,2026-10-02,,https://www.nseindia.com/api/reportASM
POLICYBZR,ASM-ST,Stage I,2026-10-02,,https://www.nseindia.com/api/reportASM
PRAMARA,ASM-ST,Stage I,2026-10-02,,https://www.nseindia.com/api/reportASM
PRIMO,ASM-ST,Stage I,2026-10-02,,https://www.nseindia.com/api/reportASM
PRIORITY,ASM-ST,Stage I,2026-10-02,,https://www.nseindia.com/api/reportASM
QUESTLAB,ASM-ST,Stage I,2026-10-02,,https://www.nseindia.com/api/reportASM
RCDL,ASM-ST,Stage I,2026-10-02,,https://www.nseindia.com/api/reportASM
REFRACTORY,ASM-ST,Stage I,2026-10-02,,https://www.nseindia.com/api/reportASM
REMSONSIND,ASM-ST,Stage I,2026-10-02,,https://www.nseindia.com/api/reportASM
SATKARTAR,ASM-ST,Stage I,2026-10-02,,https://www.nseindia.com/api/reportASM
SAWALIYA,ASM-ST,Stage I,2026-10-02,,https://www.nseindia.com/api/reportASM
SHANTIGOLD,ASM-ST,Stage I,2026-10-02,,https://www.nseindia.com/api/reportASM
SHRIKRISH,ASM-ST,Stage I,2026-10-02,,https://www.nseindia.com/api/reportASM
SKYTECH,ASM-ST,Stage I,2026-10-02,,https://www.nseindia.com/api/reportASM
SSDL,ASM-ST,Stage I,2026-10-02,,https://www.nseindia.com/api/reportASM
STARTECK,ASM-ST,Stage I,2026-10-02,,https://www.nseindia.com/api/reportASM
SUNFLAG,ASM-ST,Stage I,2026-10-02,,https://www.nseindia.com/api/reportASM
SYNCOMF,ASM-ST,Stage I,2026-10-02,,https://www.nseindia.com/api/reportASM
TBI,ASM-ST,Stage I,2026-10-02,,https://www.nseindia.com/api/reportASM
TURTLEMINT,ASM-ST,Stage I,2026-10-02,,https://www.nseindia.com/api/reportASM
UTSSAV,ASM-ST,Stage I,2026-10-02,,https://www.nseindia.com/api/reportASM
VALIANTORG,ASM-ST,Stage I,2026-10-02,,https://www.nseindia.com/api/reportASM
VERITAAS,ASM-ST,Stage I,2026-10-02,,https://www.nseindia.com/api/reportASM
VISAMAN,ASM-ST,Stage II,2026-10-02,,https://www.nseindia.com/api/reportASM
WHIRLPOOL,ASM-ST,Stage I,2026-10-02,,https://www.nseindia.com/api/reportASM
AGSTRA,GSM,Stage 0,2026-10-02,,https://www.nseindia.com/api/reportGSM
ANKITMETAL,GSM,Stage 0,2026-10-02,,https://www.nseindia.com/api/reportGSM
AQYLON,GSM,Stage 0,2026-10-02,,https://www.nseindia.com/api/reportGSM
ASIANTNE,GSM,Shortlisted under Graded Surveillance Measure,2026-10-02,,https://www.nseindia.com/api/reportGSM
ASIL,GSM,Stage VI,2026-10-02,,https://www.nseindia.com/api/reportGSM
ATNINTER,GSM,Stage VI,2026-10-02,,https://www.nseindia.com/api/reportGSM
BALKRISHNA,GSM,Shortlisted under Graded Surveillance Measure,2026-10-02,,https://www.nseindia.com/api/reportGSM
BILVYAPAR,GSM,Stage 0,2026-10-02,,https://www.nseindia.com/api/reportGSM
BLAL,GSM,Shortlisted under Graded Surveillance Measure,2026-10-02,,https://www.nseindia.com/api/reportGSM
BLUECHIP,GSM,Stage III,2026-10-02,,https://www.nseindia.com/api/reportGSM
BLUECOAST,GSM,Shortlisted under Graded Surveillance Measure,2026-10-02,,https://www.nseindia.com/api/reportGSM
CBAZAAR,GSM,Stage I,2026-10-02,,https://www.nseindia.com/api/reportGSM
CELEBRITY,GSM,Shortlisted under Graded Surveillance Measure,2026-10-02,,https://www.nseindia.com/api/reportGSM
CLCIND,GSM,Stage IV,2026-10-02,,https://www.nseindia.com/api/reportGSM
CMICABLES,GSM,Stage 0,2026-10-02,,https://www.nseindia.com/api/reportGSM
COMPINFO,GSM,Stage 0,2026-10-02,,https://www.nseindia.com/api/reportGSM
CURAA,GSM,Shortlisted under Graded Surveillance Measure,2026-10-02,,https://www.nseindia.com/api/reportGSM
DCMFINSERV,GSM,Shortlisted under Graded Surveillance Measure,2026-10-02,,https://www.nseindia.com/api/reportGSM
DIGJAMLMTD,GSM,Stage II,2026-10-02,,https://www.nseindia.com/api/reportGSM
DNAMEDIA,GSM,Shortlisted under Graded Surveillance Measure,2026-10-02,,https://www.nseindia.com/api/reportGSM
EDUCOMP,GSM,Stage 0,2026-10-02,,https://www.nseindia.com/api/reportGSM
EMAMIREAL,GSM,Shortlisted under Graded Surveillance Measure,2026-10-02,,https://www.nseindia.com/api/reportGSM
EQUIPPP,GSM,Stage 0,2026-10-02,,https://www.nseindia.com/api/reportGSM
EUROTEXIND,GSM,Shortlisted under Graded Surveillance Measure,2026-10-02,,https://www.nseindia.com/api/reportGSM
FEL,GSM,Stage 0,2026-10-02,,https://www.nseindia.com/api/reportGSM
FELDVR,GSM,Stage 0,2026-10-02,,https://www.nseindia.com/api/reportGSM
FLEXITUFF,GSM,Stage 0,2026-10-02,,https://www.nseindia.com/api/reportGSM
FLFL,GSM,Stage 0,2026-10-02,,https://www.nseindia.com/api/reportGSM
GAYAHWS,GSM,Shortlisted under Graded Surveillance Measure,2026-10-02,,https://www.nseindia.com/api/reportGSM
GENSOL,GSM,Stage 0,2026-10-02,,https://www.nseindia.com/api/reportGSM
GLFL,GSM,Shortlisted under Graded Surveillance Measure,2026-10-02,,https://www.nseindia.com/api/reportGSM
GLOBALE,GSM,Shortlisted under Graded Surveillance Measure,2026-10-02,,https://www.nseindia.com/api/reportGSM
GOLDENTOBC,GSM,Stage 0,2026-10-02,,https://www.nseindia.com/api/reportGSM
GTECJAINX,GSM,Shortlisted under Graded Surveillance Measure,2026-10-02,,https://www.nseindia.com/api/reportGSM
GVKPIL,GSM,Stage 0,2026-10-02,,https://www.nseindia.com/api/reportGSM
HCL-INSYS,GSM,Shortlisted under Graded Surveillance Measure,2026-10-02,,https://www.nseindia.com/api/reportGSM
HMT,GSM,Shortlisted under Graded Surveillance Measure,2026-10-02,,https://www.nseindia.com/api/reportGSM
IL&FSTRANS,GSM,Shortlisted under Graded Surveillance Measure,2026-10-02,,https://www.nseindia.com/api/reportGSM
INDIFRA,GSM,Shortlisted under Graded Surveillance Measure,2026-10-02,,https://www.nseindia.com/api/reportGSM
INFOMEDIA,GSM,Shortlisted under Graded Surveillance Measure,2026-10-02,,https://www.nseindia.com/api/reportGSM
JALAN,GSM,Stage 0,2026-10-02,,https://www.nseindia.com/api/reportGSM
KEEPLEARN,GSM,Shortlisted under Graded Surveillance Measure,2026-10-02,,https://www.nseindia.com/api/reportGSM
LAKPRE,GSM,Stage 0,2026-10-02,,https://www.nseindia.com/api/reportGSM
MCCHRLS-B,GSM,Shortlisted under Graded Surveillance Measure,2026-10-02,,https://www.nseindia.com/api/reportGSM
MEP,GSM,Stage 0,2026-10-02,,https://www.nseindia.com/api/reportGSM
MORARJEE,GSM,Stage III,2026-10-02,,https://www.nseindia.com/api/reportGSM
MTEDUCARE,GSM,Stage 0,2026-10-02,,https://www.nseindia.com/api/reportGSM
NAGAFERT,GSM,Shortlisted under Graded Surveillance Measure,2026-10-02,,https://www.nseindia.com/api/reportGSM
NEXTMEDIA,GSM,Stage I,2026-10-02,,https://www.nseindia.com/api/reportGSM
ORTEL,GSM,Stage III,2026-10-02,,https://www.nseindia.com/api/reportGSM
ORTINGLOBE,GSM,Shortlisted under Graded Surveillance Measure,2026-10-02,,https://www.nseindia.com/api/reportGSM
PERFECT,GSM,Stage 0,2026-10-02,,https://www.nseindia.com/api/reportGSM
PRAKASHSTL,GSM,Shortlisted under Graded Surveillance Measure,2026-10-02,,https://www.nseindia.com/api/reportGSM
PREMIER,GSM,Stage 0,2026-10-02,,https://www.nseindia.com/api/reportGSM
QUINTEGRA,GSM,Shortlisted under Graded Surveillance Measure,2026-10-02,,https://www.nseindia.com/api/reportGSM
RADAAN,GSM,Shortlisted under Graded Surveillance Measure,2026-10-02,,https://www.nseindia.com/api/reportGSM
RAJVIR,GSM,Shortlisted under Graded Surveillance Measure,2026-10-02,,https://www.nseindia.com/api/reportGSM
REGENCERAM,GSM,Shortlisted under Graded Surveillance Measure,2026-10-02,,https://www.nseindia.com/api/reportGSM
RHFL,GSM,Stage 0,2026-10-02,,https://www.nseindia.com/api/reportGSM
SANWARIA,GSM,Stage 0,2026-10-02,,https://www.nseindia.com/api/reportGSM
SECURKLOUD,GSM,Shortlisted under Graded Surveillance Measure,2026-10-02,,https://www.nseindia.com/api/reportGSM
SHANTI,GSM,Shortlisted under Graded Surveillance Measure,2026-10-02,,https://www.nseindia.com/api/reportGSM
SHRENIK,GSM,Stage 0,2026-10-02,,https://www.nseindia.com/api/reportGSM
SHYAMTEL,GSM,Shortlisted under Graded Surveillance Measure,2026-10-02,,https://www.nseindia.com/api/reportGSM
SUPREMEENG,GSM,Stage 0,2026-10-02,,https://www.nseindia.com/api/reportGSM
TARAPUR,GSM,Shortlisted under Graded Surveillance Measure,2026-10-02,,https://www.nseindia.com/api/reportGSM
TCIFINANCE,GSM,Shortlisted under Graded Surveillance Measure,2026-10-02,,https://www.nseindia.com/api/reportGSM
TECILCHEM,GSM,Shortlisted under Graded Surveillance Measure,2026-10-02,,https://www.nseindia.com/api/reportGSM
TIJARIA,GSM,Stage 0,2026-10-02,,https://www.nseindia.com/api/reportGSM
TNTELE,GSM,Stage 0,2026-10-02,,https://www.nseindia.com/api/reportGSM
TVVISION,GSM,Stage 0,2026-10-02,,https://www.nseindia.com/api/reportGSM
UNIVAFOODS,GSM,Stage IV,2026-10-02,,https://www.nseindia.com/api/reportGSM
VASA,GSM,Shortlisted under Graded Surveillance Measure,2026-10-02,,https://www.nseindia.com/api/reportGSM
VISUINTL,GSM,Stage VI,2026-10-02,,https://www.nseindia.com/api/reportGSM
VIVIDHA,GSM,Shortlisted under Graded Surveillance Measure,2026-10-02,,https://www.nseindia.com/api/reportGSM
WILLAMAGOR,GSM,Shortlisted under Graded Surveillance Measure,2026-10-02,,https://www.nseindia.com/api/reportGSM
WINNY,GSM,Shortlisted under Graded Surveillance Measure,2026-10-02,,https://www.nseindia.com/api/reportGSM
